order_id,order_date,region,channel,category,quantity,unit_price,revenue,refunded
ORD-100001,2026-05-01,EMEA,paid_search,outerwear,1,115.49,115.49,false
ORD-100002,2026-05-01,EMEA,paid_search,outerwear,1,152.28,152.28,false
ORD-100003,2026-05-01,EMEA,paid_search,footwear,3,98.88,296.64,false
ORD-100004,2026-05-01,EMEA,organic,footwear,4,66.65,266.6,false
ORD-100005,2026-05-01,EMEA,paid_search,footwear,1,94.99,94.99,false
ORD-100006,2026-05-01,EMEA,organic,outerwear,1,163.18,163.18,false
ORD-100007,2026-05-01,NA,organic,bags,2,68.59,137.18,false
ORD-100008,2026-05-01,NA,email,outerwear,2,134.19,268.38,false
ORD-100009,2026-05-01,NA,email,bags,1,90.28,90.28,false
ORD-100010,2026-05-01,EMEA,paid_search,outerwear,3,151.14,453.42,false
ORD-100011,2026-05-01,APAC,organic,accessories,1,25.3,25.3,false
ORD-100012,2026-05-01,EMEA,paid_search,footwear,3,90.24,270.72,false
ORD-100013,2026-05-01,EMEA,paid_search,bags,1,65.22,65.22,false
ORD-100014,2026-05-01,EMEA,email,outerwear,1,158.02,158.02,false
ORD-100015,2026-05-01,NA,paid_search,bags,1,85.7,85.7,false
ORD-100016,2026-05-02,NA,email,bags,3,60.7,182.1,false
ORD-100017,2026-05-02,EMEA,paid_search,outerwear,1,127.71,127.71,false
ORD-100018,2026-05-02,NA,paid_search,outerwear,1,111.27,111.27,false
ORD-100019,2026-05-02,NA,organic,outerwear,2,160.1,320.2,false
ORD-100020,2026-05-02,NA,organic,bags,1,65.58,65.58,false
ORD-100021,2026-05-02,EMEA,paid_search,outerwear,1,121.38,121.38,false
ORD-100022,2026-05-03,EMEA,organic,footwear,3,97.95,293.85,false
ORD-100023,2026-05-03,EMEA,paid_search,accessories,4,29.52,118.08,false
ORD-100024,2026-05-03,APAC,email,bags,1,62.11,62.11,false
ORD-100025,2026-05-03,LATAM,paid_search,bags,2,55.77,111.54,true
ORD-100026,2026-05-03,EMEA,paid_search,outerwear,2,198.16,396.32,false
ORD-100027,2026-05-03,EMEA,email,footwear,2,78.49,156.98,false
ORD-100028,2026-05-03,APAC,organic,accessories,2,29.71,59.42,false
ORD-100029,2026-05-03,NA,organic,outerwear,2,181.52,363.04,false
ORD-100030,2026-05-03,EMEA,paid_search,footwear,4,107.68,430.72,false
ORD-100031,2026-05-03,LATAM,organic,accessories,1,35.13,35.13,false
ORD-100032,2026-05-03,NA,affiliate,outerwear,1,155.76,155.76,false
ORD-100033,2026-05-03,EMEA,paid_search,footwear,1,100.11,100.11,false
ORD-100034,2026-05-04,EMEA,email,outerwear,1,127.93,127.93,false
ORD-100035,2026-05-04,EMEA,affiliate,bags,1,80.3,80.3,false
ORD-100036,2026-05-04,EMEA,email,footwear,1,114.01,114.01,false
ORD-100037,2026-05-04,EMEA,organic,bags,2,63.73,127.46,false
ORD-100038,2026-05-04,APAC,email,footwear,1,115.6,115.6,false
ORD-100039,2026-05-04,APAC,organic,outerwear,1,131.2,131.2,false
ORD-100040,2026-05-04,APAC,paid_search,bags,2,51.53,103.06,false
ORD-100041,2026-05-04,EMEA,paid_search,bags,2,85.98,171.96,false
ORD-100042,2026-05-04,EMEA,organic,bags,2,74.62,149.24,false
ORD-100043,2026-05-04,NA,email,footwear,1,82.07,82.07,false
ORD-100044,2026-05-04,EMEA,organic,footwear,3,67.22,201.66,false
ORD-100045,2026-05-04,NA,paid_search,bags,1,81.0,81.0,false
ORD-100046,2026-05-04,NA,affiliate,outerwear,2,154.07,308.14,false
ORD-100047,2026-05-04,NA,paid_search,accessories,3,34.38,103.14,false
ORD-100048,2026-05-04,EMEA,paid_search,bags,1,52.02,52.02,false
ORD-100049,2026-05-04,NA,organic,footwear,3,72.6,217.8,false
ORD-100050,2026-05-05,NA,affiliate,bags,1,89.12,89.12,false
ORD-100051,2026-05-05,EMEA,organic,outerwear,1,152.08,152.08,false
ORD-100052,2026-05-05,NA,paid_search,accessories,1,25.57,25.57,false
ORD-100053,2026-05-05,EMEA,affiliate,bags,1,75.26,75.26,false
ORD-100054,2026-05-05,EMEA,email,outerwear,4,120.88,483.52,false
ORD-100055,2026-05-05,NA,affiliate,accessories,2,33.16,66.32,false
ORD-100056,2026-05-05,NA,organic,bags,1,87.71,87.71,false
ORD-100057,2026-05-05,EMEA,organic,footwear,2,74.2,148.4,false
ORD-100058,2026-05-05,EMEA,email,footwear,2,68.7,137.4,false
ORD-100059,2026-05-05,LATAM,paid_search,bags,1,90.88,90.88,false
ORD-100060,2026-05-05,EMEA,organic,footwear,1,77.24,77.24,false
ORD-100061,2026-05-05,EMEA,paid_search,outerwear,3,170.91,512.73,false
ORD-100062,2026-05-06,EMEA,email,accessories,1,19.74,19.74,false
ORD-100063,2026-05-06,NA,paid_search,outerwear,1,134.34,134.34,false
ORD-100064,2026-05-06,EMEA,organic,bags,1,86.43,86.43,false
ORD-100065,2026-05-06,NA,organic,outerwear,1,190.35,190.35,false
ORD-100066,2026-05-06,NA,email,accessories,4,33.45,133.8,true
ORD-100067,2026-05-06,APAC,paid_search,bags,1,52.52,52.52,false
ORD-100068,2026-05-06,EMEA,organic,accessories,1,31.04,31.04,false
ORD-100069,2026-05-06,NA,organic,footwear,1,117.15,117.15,false
ORD-100070,2026-05-06,EMEA,organic,accessories,1,22.5,22.5,false
ORD-100071,2026-05-06,APAC,organic,outerwear,1,185.0,185.0,false
ORD-100072,2026-05-06,EMEA,affiliate,footwear,1,80.61,80.61,false
ORD-100073,2026-05-06,NA,organic,outerwear,2,179.24,358.48,false
ORD-100074,2026-05-07,APAC,email,outerwear,1,169.95,169.95,false
ORD-100075,2026-05-07,NA,paid_search,bags,2,83.2,166.4,false
ORD-100076,2026-05-07,NA,paid_search,footwear,2,96.31,192.62,false
ORD-100077,2026-05-07,LATAM,organic,outerwear,1,114.88,114.88,false
ORD-100078,2026-05-07,NA,paid_search,bags,1,75.43,75.43,false
ORD-100079,2026-05-07,APAC,organic,footwear,1,67.95,67.95,false
ORD-100080,2026-05-07,APAC,organic,footwear,2,90.23,180.46,false
ORD-100081,2026-05-07,APAC,organic,outerwear,1,172.94,172.94,false
ORD-100082,2026-05-07,EMEA,organic,accessories,2,29.77,59.54,false
ORD-100083,2026-05-07,EMEA,paid_search,accessories,2,31.04,62.08,false
ORD-100084,2026-05-07,NA,organic,bags,1,77.29,77.29,false
ORD-100085,2026-05-07,APAC,organic,accessories,1,27.25,27.25,false
ORD-100086,2026-05-07,APAC,affiliate,footwear,3,65.05,195.15,false
ORD-100087,2026-05-07,LATAM,organic,bags,4,65.27,261.08,false
ORD-100088,2026-05-07,EMEA,email,footwear,1,93.0,93.0,false
ORD-100089,2026-05-07,APAC,paid_search,accessories,3,31.21,93.63,false
ORD-100090,2026-05-07,NA,email,footwear,1,116.5,116.5,false
ORD-100091,2026-05-08,EMEA,organic,accessories,1,21.46,21.46,false
ORD-100092,2026-05-08,APAC,organic,bags,1,88.02,88.02,false
ORD-100093,2026-05-08,EMEA,affiliate,accessories,1,25.97,25.97,false
ORD-100094,2026-05-08,NA,paid_search,accessories,2,24.14,48.28,false
ORD-100095,2026-05-08,EMEA,organic,outerwear,1,136.25,136.25,false
ORD-100096,2026-05-08,LATAM,affiliate,bags,3,83.19,249.57,false
ORD-100097,2026-05-08,NA,email,outerwear,2,115.6,231.2,false
ORD-100098,2026-05-08,EMEA,paid_search,accessories,1,34.71,34.71,false
ORD-100099,2026-05-08,EMEA,paid_search,accessories,1,31.81,31.81,false
ORD-100100,2026-05-08,NA,organic,accessories,1,30.64,30.64,false
ORD-100101,2026-05-08,APAC,paid_search,bags,1,68.06,68.06,false
ORD-100102,2026-05-08,EMEA,organic,outerwear,1,127.56,127.56,false
ORD-100103,2026-05-08,NA,paid_search,outerwear,3,182.46,547.38,false
ORD-100104,2026-05-08,NA,organic,bags,1,80.67,80.67,false
ORD-100105,2026-05-08,NA,paid_search,outerwear,1,196.51,196.51,false
ORD-100106,2026-05-08,EMEA,paid_search,accessories,2,34.05,68.1,true
ORD-100107,2026-05-09,APAC,email,bags,1,65.47,65.47,false
ORD-100108,2026-05-09,NA,paid_search,bags,1,53.56,53.56,false
ORD-100109,2026-05-09,EMEA,paid_search,bags,1,81.71,81.71,true
ORD-100110,2026-05-09,EMEA,paid_search,footwear,2,80.84,161.68,false
ORD-100111,2026-05-09,EMEA,organic,footwear,1,80.65,80.65,false
ORD-100112,2026-05-09,LATAM,paid_search,footwear,1,80.72,80.72,false
ORD-100113,2026-05-09,LATAM,paid_search,outerwear,1,133.3,133.3,false
ORD-100114,2026-05-09,NA,organic,accessories,1,22.69,22.69,false
ORD-100115,2026-05-09,EMEA,organic,outerwear,2,199.21,398.42,false
ORD-100116,2026-05-09,EMEA,email,bags,1,65.67,65.67,true
ORD-100117,2026-05-09,APAC,organic,footwear,1,117.6,117.6,false
ORD-100118,2026-05-10,NA,organic,accessories,2,24.38,48.76,false
ORD-100119,2026-05-10,NA,affiliate,outerwear,1,197.8,197.8,false
ORD-100120,2026-05-10,EMEA,organic,footwear,1,117.83,117.83,false
ORD-100121,2026-05-10,EMEA,organic,bags,1,78.98,78.98,false
ORD-100122,2026-05-10,APAC,organic,outerwear,1,128.59,128.59,false
ORD-100123,2026-05-10,EMEA,organic,bags,2,90.49,180.98,false
ORD-100124,2026-05-10,LATAM,organic,footwear,1,116.81,116.81,false
ORD-100125,2026-05-11,NA,organic,accessories,2,26.68,53.36,false
ORD-100126,2026-05-11,EMEA,paid_search,bags,1,64.32,64.32,false
ORD-100127,2026-05-11,LATAM,organic,bags,1,50.43,50.43,false
ORD-100128,2026-05-11,LATAM,paid_search,footwear,3,82.79,248.37,false
ORD-100129,2026-05-11,EMEA,email,accessories,2,30.98,61.96,false
ORD-100130,2026-05-11,LATAM,affiliate,footwear,1,76.98,76.98,false
ORD-100131,2026-05-11,EMEA,paid_search,bags,2,87.48,174.96,false
ORD-100132,2026-05-11,APAC,paid_search,footwear,2,104.83,209.66,false
ORD-100133,2026-05-11,NA,paid_search,accessories,3,27.15,81.45,false
ORD-100134,2026-05-11,EMEA,paid_search,bags,2,59.39,118.78,false
ORD-100135,2026-05-11,EMEA,paid_search,accessories,1,26.58,26.58,false
ORD-100136,2026-05-11,NA,organic,outerwear,1,158.47,158.47,false
ORD-100137,2026-05-11,NA,email,bags,1,86.54,86.54,false
ORD-100138,2026-05-11,EMEA,organic,footwear,2,80.3,160.6,false
ORD-100139,2026-05-11,EMEA,email,accessories,1,23.58,23.58,false
ORD-100140,2026-05-12,NA,organic,outerwear,1,148.7,148.7,false
ORD-100141,2026-05-12,NA,email,footwear,2,118.76,237.52,false
ORD-100142,2026-05-12,EMEA,organic,bags,3,50.66,151.98,false
ORD-100143,2026-05-12,NA,organic,outerwear,3,146.42,439.26,false
ORD-100144,2026-05-12,EMEA,organic,footwear,1,96.98,96.98,false
ORD-100145,2026-05-12,APAC,affiliate,outerwear,1,206.35,206.35,true
ORD-100146,2026-05-12,NA,organic,footwear,2,86.65,173.3,false
ORD-100147,2026-05-12,EMEA,organic,footwear,2,94.32,188.64,false
ORD-100148,2026-05-12,NA,organic,outerwear,2,119.58,239.16,false
ORD-100149,2026-05-12,APAC,email,accessories,2,26.43,52.86,false
ORD-100150,2026-05-12,NA,organic,bags,1,85.4,85.4,false
ORD-100151,2026-05-12,NA,email,bags,1,49.21,49.21,false
ORD-100152,2026-05-12,EMEA,organic,bags,1,64.34,64.34,false
ORD-100153,2026-05-12,NA,organic,outerwear,2,197.75,395.5,false
ORD-100154,2026-05-12,LATAM,organic,outerwear,1,137.93,137.93,false
ORD-100155,2026-05-12,EMEA,email,bags,2,82.36,164.72,false
ORD-100156,2026-05-12,LATAM,organic,footwear,4,90.72,362.88,false
ORD-100157,2026-05-12,NA,organic,outerwear,2,192.67,385.34,false
ORD-100158,2026-05-12,NA,organic,bags,1,58.16,58.16,false
ORD-100159,2026-05-13,EMEA,paid_search,outerwear,1,180.09,180.09,false
ORD-100160,2026-05-13,NA,email,footwear,2,81.97,163.94,false
ORD-100161,2026-05-13,NA,organic,accessories,2,24.6,49.2,false
ORD-100162,2026-05-13,NA,paid_search,bags,1,49.11,49.11,false
ORD-100163,2026-05-13,EMEA,organic,bags,2,83.13,166.26,false
ORD-100164,2026-05-13,EMEA,paid_search,accessories,1,26.84,26.84,false
ORD-100165,2026-05-13,EMEA,email,footwear,3,81.39,244.17,false
ORD-100166,2026-05-13,EMEA,paid_search,bags,2,82.02,164.04,true
ORD-100167,2026-05-13,LATAM,affiliate,footwear,1,118.25,118.25,false
ORD-100168,2026-05-13,APAC,paid_search,outerwear,2,179.73,359.46,false
ORD-100169,2026-05-13,APAC,organic,accessories,1,34.45,34.45,false
ORD-100170,2026-05-14,EMEA,organic,bags,1,60.04,60.04,false
ORD-100171,2026-05-14,EMEA,organic,outerwear,1,171.66,171.66,false
ORD-100172,2026-05-14,NA,email,accessories,1,28.32,28.32,false
ORD-100173,2026-05-14,APAC,organic,footwear,1,93.64,93.64,false
ORD-100174,2026-05-14,APAC,paid_search,bags,4,73.3,293.2,false
ORD-100175,2026-05-14,NA,organic,outerwear,1,202.35,202.35,false
ORD-100176,2026-05-14,EMEA,paid_search,accessories,2,31.95,63.9,false
ORD-100177,2026-05-14,EMEA,paid_search,bags,1,86.72,86.72,false
ORD-100178,2026-05-14,NA,paid_search,footwear,1,95.37,95.37,false
ORD-100179,2026-05-14,NA,paid_search,bags,1,73.8,73.8,false
ORD-100180,2026-05-14,NA,organic,outerwear,1,187.41,187.41,false
ORD-100181,2026-05-14,EMEA,organic,outerwear,3,185.56,556.68,false
ORD-100182,2026-05-14,NA,paid_search,accessories,1,29.12,29.12,false
ORD-100183,2026-05-14,NA,organic,outerwear,3,115.08,345.24,false
ORD-100184,2026-05-14,NA,organic,footwear,3,69.87,209.61,false
ORD-100185,2026-05-14,NA,email,bags,1,74.6,74.6,false
ORD-100186,2026-05-14,LATAM,email,outerwear,1,116.97,116.97,false
ORD-100187,2026-05-14,APAC,paid_search,bags,2,49.23,98.46,false
ORD-100188,2026-05-15,EMEA,organic,outerwear,1,120.93,120.93,false
ORD-100189,2026-05-15,NA,email,accessories,2,23.89,47.78,false
ORD-100190,2026-05-15,EMEA,paid_search,accessories,1,34.98,34.98,false
ORD-100191,2026-05-15,LATAM,email,outerwear,1,133.42,133.42,false
ORD-100192,2026-05-15,NA,email,accessories,1,25.95,25.95,false
ORD-100193,2026-05-15,EMEA,affiliate,bags,1,71.33,71.33,true
ORD-100194,2026-05-15,NA,organic,outerwear,1,140.26,140.26,false
ORD-100195,2026-05-15,LATAM,organic,outerwear,1,113.45,113.45,false
ORD-100196,2026-05-15,NA,organic,outerwear,2,113.83,227.66,false
ORD-100197,2026-05-15,NA,email,footwear,2,67.71,135.42,false
ORD-100198,2026-05-15,NA,organic,footwear,3,105.78,317.34,false
ORD-100199,2026-05-15,APAC,paid_search,outerwear,1,114.17,114.17,false
ORD-100200,2026-05-15,NA,organic,accessories,1,21.66,21.66,false
ORD-100201,2026-05-15,EMEA,email,accessories,1,19.79,19.79,false
ORD-100202,2026-05-15,NA,organic,accessories,3,32.32,96.96,false
ORD-100203,2026-05-15,EMEA,paid_search,footwear,2,65.8,131.6,false
ORD-100204,2026-05-15,EMEA,email,footwear,1,76.03,76.03,false
ORD-100205,2026-05-16,LATAM,organic,bags,1,57.48,57.48,false
ORD-100206,2026-05-16,LATAM,paid_search,bags,1,78.27,78.27,false
ORD-100207,2026-05-16,LATAM,organic,accessories,1,22.1,22.1,false
ORD-100208,2026-05-16,APAC,paid_search,outerwear,1,171.66,171.66,false
ORD-100209,2026-05-16,NA,email,footwear,2,83.7,167.4,false
ORD-100210,2026-05-16,EMEA,paid_search,footwear,1,99.72,99.72,false
ORD-100211,2026-05-17,NA,paid_search,outerwear,1,195.28,195.28,false
ORD-100212,2026-05-17,APAC,paid_search,footwear,1,82.11,82.11,false
ORD-100213,2026-05-17,NA,organic,accessories,1,26.79,26.79,false
ORD-100214,2026-05-17,EMEA,email,bags,2,78.33,156.66,false
ORD-100215,2026-05-17,NA,organic,outerwear,2,203.95,407.9,false
ORD-100216,2026-05-17,NA,organic,outerwear,1,128.95,128.95,false
ORD-100217,2026-05-17,EMEA,organic,footwear,1,72.41,72.41,false
ORD-100218,2026-05-17,EMEA,organic,accessories,1,30.12,30.12,false
ORD-100219,2026-05-17,EMEA,affiliate,footwear,1,111.22,111.22,false
ORD-100220,2026-05-17,NA,email,accessories,1,21.81,21.81,false
ORD-100221,2026-05-17,APAC,paid_search,bags,2,73.73,147.46,false
ORD-100222,2026-05-17,EMEA,paid_search,outerwear,2,172.13,344.26,false
ORD-100223,2026-05-18,EMEA,email,bags,1,65.83,65.83,false
ORD-100224,2026-05-18,NA,affiliate,bags,1,75.17,75.17,false
ORD-100225,2026-05-18,APAC,affiliate,outerwear,3,142.2,426.6,true
ORD-100226,2026-05-18,APAC,affiliate,footwear,1,94.06,94.06,false
ORD-100227,2026-05-18,NA,paid_search,accessories,1,29.06,29.06,false
ORD-100228,2026-05-18,EMEA,paid_search,accessories,1,26.31,26.31,false
ORD-100229,2026-05-18,NA,paid_search,bags,1,88.28,88.28,false
ORD-100230,2026-05-18,NA,paid_search,accessories,1,26.13,26.13,true
ORD-100231,2026-05-18,NA,affiliate,accessories,1,21.27,21.27,false
ORD-100232,2026-05-18,EMEA,affiliate,outerwear,4,202.62,810.48,false
ORD-100233,2026-05-18,NA,organic,footwear,2,99.08,198.16,false
ORD-100234,2026-05-19,NA,affiliate,accessories,2,33.35,66.7,false
ORD-100235,2026-05-19,EMEA,paid_search,outerwear,2,155.7,311.4,false
ORD-100236,2026-05-19,APAC,email,accessories,4,30.8,123.2,false
ORD-100237,2026-05-19,NA,paid_search,accessories,1,24.49,24.49,false
ORD-100238,2026-05-19,EMEA,paid_search,accessories,1,24.52,24.52,false
ORD-100239,2026-05-19,NA,organic,accessories,2,21.79,43.58,false
ORD-100240,2026-05-19,NA,paid_search,footwear,1,68.05,68.05,false
ORD-100241,2026-05-19,EMEA,organic,outerwear,1,154.03,154.03,false
ORD-100242,2026-05-19,EMEA,affiliate,outerwear,1,176.57,176.57,false
ORD-100243,2026-05-19,APAC,paid_search,accessories,1,31.04,31.04,false
ORD-100244,2026-05-19,EMEA,paid_search,footwear,1,78.67,78.67,false
ORD-100245,2026-05-19,EMEA,organic,footwear,1,114.04,114.04,false
ORD-100246,2026-05-20,NA,organic,footwear,1,81.78,81.78,false
ORD-100247,2026-05-20,EMEA,paid_search,bags,1,66.62,66.62,false
ORD-100248,2026-05-20,LATAM,email,footwear,1,66.61,66.61,false
ORD-100249,2026-05-20,EMEA,email,footwear,1,90.82,90.82,false
ORD-100250,2026-05-20,NA,paid_search,outerwear,1,193.15,193.15,false
ORD-100251,2026-05-20,EMEA,organic,outerwear,1,143.53,143.53,false
ORD-100252,2026-05-20,EMEA,paid_search,accessories,2,26.2,52.4,false
ORD-100253,2026-05-20,EMEA,organic,outerwear,2,186.5,373.0,false
ORD-100254,2026-05-20,APAC,paid_search,footwear,2,66.29,132.58,false
ORD-100255,2026-05-20,APAC,paid_search,footwear,1,70.07,70.07,false
ORD-100256,2026-05-20,NA,paid_search,footwear,2,114.28,228.56,false
ORD-100257,2026-05-20,APAC,organic,footwear,1,100.89,100.89,false
ORD-100258,2026-05-20,LATAM,organic,outerwear,3,151.13,453.39,false
ORD-100259,2026-05-20,EMEA,paid_search,outerwear,2,164.55,329.1,false
ORD-100260,2026-05-20,LATAM,paid_search,accessories,1,28.92,28.92,false
ORD-100261,2026-05-20,NA,organic,footwear,2,106.78,213.56,false
ORD-100262,2026-05-20,LATAM,affiliate,footwear,1,85.44,85.44,false
ORD-100263,2026-05-20,NA,email,bags,2,72.1,144.2,false
ORD-100264,2026-05-20,LATAM,email,footwear,1,64.59,64.59,false
ORD-100265,2026-05-21,EMEA,email,footwear,1,65.06,65.06,false
ORD-100266,2026-05-21,NA,organic,outerwear,3,145.81,437.43,false
ORD-100267,2026-05-21,NA,email,footwear,1,94.84,94.84,false
ORD-100268,2026-05-21,NA,email,footwear,2,64.71,129.42,true
ORD-100269,2026-05-21,LATAM,email,footwear,1,81.32,81.32,false
ORD-100270,2026-05-21,NA,organic,footwear,1,116.43,116.43,false
ORD-100271,2026-05-21,NA,organic,footwear,1,99.66,99.66,false
ORD-100272,2026-05-21,EMEA,organic,bags,3,82.04,246.12,false
ORD-100273,2026-05-21,EMEA,email,accessories,3,31.59,94.77,true
ORD-100274,2026-05-21,NA,email,bags,4,59.34,237.36,false
ORD-100275,2026-05-21,EMEA,paid_search,outerwear,2,137.93,275.86,true
ORD-100276,2026-05-21,LATAM,organic,footwear,1,71.84,71.84,false
ORD-100277,2026-05-21,APAC,organic,bags,1,52.55,52.55,false
ORD-100278,2026-05-22,EMEA,organic,accessories,1,30.78,30.78,false
ORD-100279,2026-05-22,APAC,email,footwear,2,89.45,178.9,false
ORD-100280,2026-05-22,APAC,organic,outerwear,1,160.63,160.63,false
ORD-100281,2026-05-22,NA,organic,outerwear,1,129.24,129.24,false
ORD-100282,2026-05-22,EMEA,affiliate,accessories,1,28.1,28.1,false
ORD-100283,2026-05-22,EMEA,organic,accessories,3,25.66,76.98,false
ORD-100284,2026-05-22,EMEA,affiliate,footwear,1,92.74,92.74,true
ORD-100285,2026-05-22,EMEA,organic,bags,1,57.96,57.96,false
ORD-100286,2026-05-22,EMEA,organic,bags,2,83.48,166.96,false
ORD-100287,2026-05-22,EMEA,organic,outerwear,4,146.99,587.96,true
ORD-100288,2026-05-22,APAC,paid_search,bags,1,84.61,84.61,false
ORD-100289,2026-05-22,EMEA,organic,footwear,2,69.04,138.08,false
ORD-100290,2026-05-22,EMEA,email,bags,1,84.78,84.78,false
ORD-100291,2026-05-23,NA,organic,footwear,3,116.01,348.03,false
ORD-100292,2026-05-23,APAC,paid_search,footwear,1,92.41,92.41,false
ORD-100293,2026-05-23,NA,organic,footwear,1,105.74,105.74,false
ORD-100294,2026-05-23,EMEA,organic,bags,2,53.4,106.8,false
ORD-100295,2026-05-23,LATAM,email,bags,1,67.57,67.57,false
ORD-100296,2026-05-23,LATAM,organic,bags,2,57.19,114.38,true
ORD-100297,2026-05-24,EMEA,affiliate,accessories,3,21.78,65.34,false
ORD-100298,2026-05-24,APAC,paid_search,footwear,2,89.04,178.08,false
ORD-100299,2026-05-24,NA,paid_search,accessories,1,23.15,23.15,false
ORD-100300,2026-05-24,EMEA,organic,outerwear,1,125.14,125.14,false
ORD-100301,2026-05-24,EMEA,affiliate,accessories,1,22.25,22.25,false
ORD-100302,2026-05-24,APAC,affiliate,footwear,1,92.41,92.41,false
ORD-100303,2026-05-24,LATAM,paid_search,bags,2,53.99,107.98,false
ORD-100304,2026-05-24,EMEA,email,accessories,4,34.93,139.72,false
ORD-100305,2026-05-24,NA,paid_search,footwear,2,118.08,236.16,false
ORD-100306,2026-05-24,LATAM,organic,accessories,1,26.86,26.86,false
ORD-100307,2026-05-24,NA,organic,accessories,1,34.71,34.71,false
ORD-100308,2026-05-24,NA,email,outerwear,1,132.88,132.88,false
ORD-100309,2026-05-24,NA,paid_search,bags,2,56.35,112.7,false
ORD-100310,2026-05-25,NA,email,accessories,1,20.54,20.54,false
ORD-100311,2026-05-25,NA,affiliate,footwear,1,83.26,83.26,false
ORD-100312,2026-05-25,APAC,organic,footwear,1,114.31,114.31,false
ORD-100313,2026-05-25,NA,paid_search,outerwear,1,205.0,205.0,true
ORD-100314,2026-05-25,EMEA,organic,footwear,1,115.51,115.51,false
ORD-100315,2026-05-25,NA,organic,outerwear,2,193.52,387.04,false
ORD-100316,2026-05-25,NA,organic,footwear,1,70.02,70.02,false
ORD-100317,2026-05-25,EMEA,organic,outerwear,1,203.25,203.25,false
ORD-100318,2026-05-25,LATAM,email,accessories,1,35.43,35.43,true
ORD-100319,2026-05-25,NA,paid_search,accessories,1,29.47,29.47,false
ORD-100320,2026-05-25,EMEA,paid_search,footwear,1,69.26,69.26,false
ORD-100321,2026-05-25,NA,organic,accessories,1,21.47,21.47,false
ORD-100322,2026-05-25,EMEA,email,outerwear,1,165.57,165.57,false
ORD-100323,2026-05-26,LATAM,organic,bags,1,74.37,74.37,true
ORD-100324,2026-05-26,NA,affiliate,accessories,1,23.46,23.46,false
ORD-100325,2026-05-26,NA,affiliate,accessories,2,33.63,67.26,false
ORD-100326,2026-05-26,NA,paid_search,accessories,1,26.51,26.51,false
ORD-100327,2026-05-26,EMEA,paid_search,footwear,1,75.16,75.16,false
ORD-100328,2026-05-26,APAC,email,bags,2,88.46,176.92,false
ORD-100329,2026-05-26,NA,organic,footwear,1,99.48,99.48,false
ORD-100330,2026-05-26,NA,affiliate,footwear,2,77.91,155.82,false
ORD-100331,2026-05-26,EMEA,affiliate,accessories,1,25.26,25.26,false
ORD-100332,2026-05-26,NA,paid_search,accessories,1,29.32,29.32,false
ORD-100333,2026-05-26,APAC,email,accessories,3,29.1,87.3,false
ORD-100334,2026-05-26,NA,organic,accessories,2,29.65,59.3,false
ORD-100335,2026-05-26,NA,organic,accessories,1,28.61,28.61,false
ORD-100336,2026-05-26,LATAM,organic,outerwear,1,128.91,128.91,false
ORD-100337,2026-05-26,EMEA,organic,accessories,1,35.38,35.38,false
ORD-100338,2026-05-26,EMEA,email,outerwear,1,184.6,184.6,false
ORD-100339,2026-05-27,APAC,paid_search,footwear,1,110.12,110.12,false
ORD-100340,2026-05-27,EMEA,paid_search,outerwear,1,174.68,174.68,false
ORD-100341,2026-05-27,APAC,email,accessories,2,28.11,56.22,false
ORD-100342,2026-05-27,NA,paid_search,bags,1,75.55,75.55,false
ORD-100343,2026-05-27,NA,affiliate,footwear,1,106.33,106.33,false
ORD-100344,2026-05-27,NA,organic,outerwear,1,185.71,185.71,false
ORD-100345,2026-05-27,NA,paid_search,bags,2,61.1,122.2,false
ORD-100346,2026-05-27,LATAM,organic,bags,2,49.25,98.5,false
ORD-100347,2026-05-27,NA,paid_search,accessories,1,24.53,24.53,false
ORD-100348,2026-05-27,NA,organic,footwear,2,82.29,164.58,false
ORD-100349,2026-05-27,EMEA,organic,accessories,1,26.58,26.58,false
ORD-100350,2026-05-27,NA,paid_search,bags,1,71.58,71.58,false
ORD-100351,2026-05-27,NA,affiliate,bags,1,64.04,64.04,false
ORD-100352,2026-05-27,NA,paid_search,footwear,1,69.54,69.54,false
ORD-100353,2026-05-27,NA,paid_search,outerwear,3,202.97,608.91,false
ORD-100354,2026-05-27,NA,organic,accessories,2,31.94,63.88,false
ORD-100355,2026-05-27,APAC,paid_search,footwear,2,92.36,184.72,false
ORD-100356,2026-05-28,EMEA,email,bags,2,71.05,142.1,false
ORD-100357,2026-05-28,NA,affiliate,bags,1,75.52,75.52,false
ORD-100358,2026-05-28,NA,paid_search,footwear,2,64.67,129.34,true
ORD-100359,2026-05-28,EMEA,organic,accessories,1,21.09,21.09,true
ORD-100360,2026-05-28,EMEA,organic,accessories,3,34.43,103.29,false
ORD-100361,2026-05-28,EMEA,organic,footwear,1,92.69,92.69,false
ORD-100362,2026-05-28,EMEA,organic,bags,2,74.8,149.6,false
ORD-100363,2026-05-28,EMEA,paid_search,accessories,1,23.43,23.43,false
ORD-100364,2026-05-28,EMEA,email,footwear,1,88.9,88.9,false
ORD-100365,2026-05-28,EMEA,affiliate,footwear,1,98.3,98.3,false
ORD-100366,2026-05-28,EMEA,paid_search,outerwear,1,196.7,196.7,false
ORD-100367,2026-05-28,NA,paid_search,bags,4,51.81,207.24,false
ORD-100368,2026-05-28,APAC,organic,bags,1,85.86,85.86,false
ORD-100369,2026-05-28,APAC,organic,outerwear,1,147.07,147.07,true
ORD-100370,2026-05-28,NA,organic,accessories,1,28.37,28.37,false
ORD-100371,2026-05-28,NA,paid_search,footwear,1,114.46,114.46,false
ORD-100372,2026-05-28,NA,organic,accessories,1,20.02,20.02,false
ORD-100373,2026-05-28,EMEA,paid_search,outerwear,1,136.63,136.63,false
ORD-100374,2026-05-29,NA,paid_search,outerwear,1,131.55,131.55,false
ORD-100375,2026-05-29,NA,organic,accessories,4,27.89,111.56,false
ORD-100376,2026-05-29,NA,organic,accessories,1,26.81,26.81,false
ORD-100377,2026-05-29,EMEA,email,outerwear,1,182.56,182.56,false
ORD-100378,2026-05-29,EMEA,email,bags,1,79.24,79.24,false
ORD-100379,2026-05-29,APAC,organic,outerwear,2,132.99,265.98,false
ORD-100380,2026-05-29,NA,organic,accessories,2,32.14,64.28,false
ORD-100381,2026-05-29,NA,affiliate,accessories,1,31.44,31.44,false
ORD-100382,2026-05-29,APAC,paid_search,outerwear,3,127.72,383.16,false
ORD-100383,2026-05-29,LATAM,organic,bags,1,78.63,78.63,false
ORD-100384,2026-05-29,APAC,email,footwear,1,70.44,70.44,false
ORD-100385,2026-05-29,APAC,organic,footwear,1,97.66,97.66,false
ORD-100386,2026-05-29,NA,organic,footwear,1,98.81,98.81,false
ORD-100387,2026-05-30,LATAM,organic,accessories,3,30.66,91.98,false
ORD-100388,2026-05-30,NA,affiliate,accessories,3,34.09,102.27,false
ORD-100389,2026-05-30,NA,affiliate,footwear,1,81.66,81.66,false
ORD-100390,2026-05-30,APAC,organic,bags,2,65.56,131.12,false
ORD-100391,2026-05-30,NA,paid_search,footwear,1,116.48,116.48,false
ORD-100392,2026-05-30,NA,email,bags,1,77.48,77.48,false
ORD-100393,2026-05-30,APAC,paid_search,outerwear,1,128.95,128.95,false
ORD-100394,2026-05-30,NA,organic,outerwear,1,203.44,203.44,false
ORD-100395,2026-05-30,NA,organic,footwear,1,83.24,83.24,false
ORD-100396,2026-05-30,NA,paid_search,bags,2,58.99,117.98,false
ORD-100397,2026-05-30,NA,organic,accessories,2,21.67,43.34,false
ORD-100398,2026-05-31,NA,paid_search,bags,2,56.09,112.18,false
ORD-100399,2026-05-31,NA,organic,bags,2,53.79,107.58,false
ORD-100400,2026-05-31,EMEA,affiliate,footwear,3,80.85,242.55,false
ORD-100401,2026-05-31,EMEA,organic,outerwear,1,155.63,155.63,false
ORD-100402,2026-05-31,APAC,organic,footwear,1,118.15,118.15,false
ORD-100403,2026-06-01,EMEA,paid_search,accessories,1,27.62,27.62,false
ORD-100404,2026-06-01,NA,email,footwear,1,69.1,69.1,false
ORD-100405,2026-06-01,EMEA,organic,accessories,2,20.75,41.5,false
ORD-100406,2026-06-01,APAC,affiliate,outerwear,1,128.61,128.61,false
ORD-100407,2026-06-01,NA,organic,outerwear,1,179.52,179.52,false
ORD-100408,2026-06-01,NA,email,accessories,1,25.61,25.61,false
ORD-100409,2026-06-01,LATAM,affiliate,outerwear,1,121.12,121.12,false
ORD-100410,2026-06-01,NA,organic,bags,3,88.8,266.4,false
ORD-100411,2026-06-01,EMEA,organic,accessories,1,29.93,29.93,false
ORD-100412,2026-06-01,EMEA,email,bags,1,50.64,50.64,false
ORD-100413,2026-06-01,NA,organic,footwear,1,97.78,97.78,false
ORD-100414,2026-06-01,EMEA,paid_search,footwear,2,92.48,184.96,false
ORD-100415,2026-06-01,NA,paid_search,outerwear,3,126.58,379.74,false
ORD-100416,2026-06-01,NA,paid_search,accessories,1,27.29,27.29,false
ORD-100417,2026-06-01,APAC,organic,outerwear,4,202.71,810.84,false
ORD-100418,2026-06-01,LATAM,paid_search,accessories,1,24.41,24.41,false
ORD-100419,2026-06-01,EMEA,organic,outerwear,1,143.67,143.67,false
ORD-100420,2026-06-01,NA,affiliate,bags,2,55.15,110.3,false
ORD-100421,2026-06-01,EMEA,organic,accessories,1,28.9,28.9,false
ORD-100422,2026-06-02,EMEA,paid_search,footwear,1,110.28,110.28,false
ORD-100423,2026-06-02,NA,email,bags,1,68.28,68.28,false
ORD-100424,2026-06-02,EMEA,paid_search,footwear,2,101.57,203.14,false
ORD-100425,2026-06-02,NA,paid_search,footwear,2,117.07,234.14,false
ORD-100426,2026-06-02,EMEA,organic,outerwear,4,129.18,516.72,false
ORD-100427,2026-06-02,NA,affiliate,footwear,1,66.69,66.69,true
ORD-100428,2026-06-02,APAC,paid_search,bags,1,78.79,78.79,false
ORD-100429,2026-06-02,EMEA,email,outerwear,1,198.48,198.48,false
ORD-100430,2026-06-02,EMEA,organic,accessories,2,31.76,63.52,true
ORD-100431,2026-06-02,EMEA,paid_search,accessories,2,20.17,40.34,false
ORD-100432,2026-06-02,NA,paid_search,footwear,1,114.31,114.31,false
ORD-100433,2026-06-02,EMEA,organic,footwear,2,96.16,192.32,false
ORD-100434,2026-06-02,NA,organic,accessories,1,28.72,28.72,false
ORD-100435,2026-06-03,LATAM,organic,accessories,1,30.98,30.98,false
ORD-100436,2026-06-03,EMEA,email,accessories,4,27.6,110.4,false
ORD-100437,2026-06-03,NA,paid_search,footwear,1,109.23,109.23,false
ORD-100438,2026-06-03,LATAM,paid_search,outerwear,2,153.71,307.42,false
ORD-100439,2026-06-03,NA,organic,accessories,1,23.06,23.06,false
ORD-100440,2026-06-03,NA,affiliate,outerwear,2,180.32,360.64,false
ORD-100441,2026-06-03,EMEA,paid_search,accessories,1,29.14,29.14,false
ORD-100442,2026-06-03,NA,organic,footwear,2,104.19,208.38,false
ORD-100443,2026-06-03,EMEA,paid_search,accessories,1,29.04,29.04,false
ORD-100444,2026-06-03,NA,organic,footwear,3,106.81,320.43,false
ORD-100445,2026-06-03,EMEA,organic,accessories,2,23.42,46.84,false
ORD-100446,2026-06-03,NA,paid_search,accessories,2,27.96,55.92,false
ORD-100447,2026-06-04,LATAM,paid_search,accessories,1,25.09,25.09,false
ORD-100448,2026-06-04,EMEA,organic,accessories,3,32.99,98.97,false
ORD-100449,2026-06-04,LATAM,paid_search,bags,1,65.66,65.66,false
ORD-100450,2026-06-04,NA,affiliate,outerwear,1,140.34,140.34,false
ORD-100451,2026-06-04,NA,organic,accessories,1,22.62,22.62,false
ORD-100452,2026-06-04,NA,email,accessories,4,25.42,101.68,false
ORD-100453,2026-06-04,APAC,paid_search,footwear,2,81.7,163.4,false
ORD-100454,2026-06-04,EMEA,paid_search,outerwear,2,133.5,267.0,true
ORD-100455,2026-06-04,APAC,affiliate,accessories,3,30.29,90.87,false
ORD-100456,2026-06-04,NA,organic,footwear,1,108.75,108.75,false
ORD-100457,2026-06-04,EMEA,organic,outerwear,1,172.22,172.22,true
ORD-100458,2026-06-04,NA,paid_search,accessories,1,31.98,31.98,false
ORD-100459,2026-06-04,EMEA,paid_search,accessories,1,33.89,33.89,false
ORD-100460,2026-06-04,APAC,organic,bags,4,65.81,263.24,false
ORD-100461,2026-06-04,NA,email,accessories,1,35.97,35.97,false
ORD-100462,2026-06-04,NA,email,accessories,1,19.75,19.75,false
ORD-100463,2026-06-05,NA,paid_search,accessories,1,28.46,28.46,false
ORD-100464,2026-06-05,NA,organic,accessories,1,29.8,29.8,false
ORD-100465,2026-06-05,NA,organic,accessories,2,28.64,57.28,false
ORD-100466,2026-06-05,NA,email,accessories,1,19.59,19.59,false
ORD-100467,2026-06-05,LATAM,affiliate,accessories,1,29.97,29.97,false
ORD-100468,2026-06-05,APAC,organic,outerwear,1,162.75,162.75,false
ORD-100469,2026-06-05,APAC,email,accessories,2,34.55,69.1,false
ORD-100470,2026-06-05,APAC,organic,footwear,1,103.24,103.24,false
ORD-100471,2026-06-05,APAC,organic,accessories,3,25.95,77.85,false
ORD-100472,2026-06-05,APAC,organic,footwear,1,99.7,99.7,false
ORD-100473,2026-06-05,NA,organic,bags,1,87.71,87.71,false
ORD-100474,2026-06-05,NA,organic,accessories,1,31.31,31.31,false
ORD-100475,2026-06-05,EMEA,paid_search,bags,2,61.54,123.08,false
ORD-100476,2026-06-05,LATAM,organic,outerwear,1,200.05,200.05,false
ORD-100477,2026-06-05,APAC,organic,accessories,1,24.99,24.99,false
ORD-100478,2026-06-06,APAC,email,bags,1,51.16,51.16,false
ORD-100479,2026-06-06,APAC,affiliate,footwear,2,111.72,223.44,false
ORD-100480,2026-06-06,LATAM,organic,accessories,2,32.92,65.84,false
ORD-100481,2026-06-06,EMEA,paid_search,accessories,1,31.76,31.76,false
ORD-100482,2026-06-06,NA,organic,footwear,1,99.51,99.51,false
ORD-100483,2026-06-06,EMEA,organic,footwear,1,75.19,75.19,false
ORD-100484,2026-06-06,EMEA,email,outerwear,1,177.57,177.57,false
ORD-100485,2026-06-06,EMEA,paid_search,footwear,3,70.73,212.19,false
ORD-100486,2026-06-06,NA,affiliate,outerwear,1,162.48,162.48,false
ORD-100487,2026-06-06,LATAM,email,accessories,2,35.46,70.92,false
ORD-100488,2026-06-06,EMEA,organic,outerwear,2,136.94,273.88,false
ORD-100489,2026-06-06,LATAM,organic,footwear,1,66.72,66.72,false
ORD-100490,2026-06-06,NA,paid_search,accessories,2,30.37,60.74,false
ORD-100491,2026-06-07,EMEA,email,bags,1,71.73,71.73,false
ORD-100492,2026-06-07,EMEA,paid_search,bags,2,86.82,173.64,false
ORD-100493,2026-06-07,APAC,paid_search,accessories,2,31.66,63.32,false
ORD-100494,2026-06-07,EMEA,paid_search,footwear,2,107.34,214.68,false
ORD-100495,2026-06-07,NA,paid_search,accessories,2,26.85,53.7,false
ORD-100496,2026-06-07,NA,affiliate,bags,2,84.94,169.88,false
ORD-100497,2026-06-07,NA,organic,outerwear,2,186.44,372.88,false
ORD-100498,2026-06-07,NA,paid_search,accessories,1,30.78,30.78,false
ORD-100499,2026-06-08,NA,paid_search,accessories,1,33.52,33.52,false
ORD-100500,2026-06-08,NA,organic,outerwear,4,117.17,468.68,false
ORD-100501,2026-06-08,APAC,paid_search,outerwear,2,133.67,267.34,false
ORD-100502,2026-06-08,NA,paid_search,footwear,1,84.04,84.04,false
ORD-100503,2026-06-08,NA,organic,accessories,1,25.55,25.55,false
ORD-100504,2026-06-08,EMEA,paid_search,footwear,1,80.11,80.11,false
ORD-100505,2026-06-08,NA,paid_search,outerwear,2,125.19,250.38,false
ORD-100506,2026-06-08,EMEA,paid_search,outerwear,2,160.85,321.7,false
ORD-100507,2026-06-08,NA,organic,footwear,1,67.27,67.27,false
ORD-100508,2026-06-08,NA,paid_search,accessories,1,23.88,23.88,false
ORD-100509,2026-06-08,NA,organic,footwear,1,87.43,87.43,false
ORD-100510,2026-06-08,APAC,affiliate,footwear,2,84.81,169.62,true
ORD-100511,2026-06-08,NA,paid_search,bags,2,83.14,166.28,false
ORD-100512,2026-06-09,EMEA,organic,outerwear,4,192.2,768.8,false
ORD-100513,2026-06-09,NA,affiliate,footwear,1,88.66,88.66,false
ORD-100514,2026-06-09,NA,paid_search,footwear,1,95.17,95.17,false
ORD-100515,2026-06-09,EMEA,email,bags,1,51.7,51.7,false
ORD-100516,2026-06-09,EMEA,paid_search,footwear,2,104.94,209.88,false
ORD-100517,2026-06-09,EMEA,organic,accessories,2,32.33,64.66,false
ORD-100518,2026-06-09,NA,organic,footwear,1,68.95,68.95,false
ORD-100519,2026-06-09,NA,paid_search,outerwear,2,156.98,313.96,false
ORD-100520,2026-06-09,EMEA,organic,outerwear,4,188.87,755.48,false
ORD-100521,2026-06-09,EMEA,organic,footwear,1,93.82,93.82,false
ORD-100522,2026-06-09,EMEA,organic,accessories,1,27.99,27.99,false
ORD-100523,2026-06-09,EMEA,organic,bags,2,85.08,170.16,false
ORD-100524,2026-06-09,EMEA,affiliate,accessories,3,30.43,91.29,false
ORD-100525,2026-06-09,EMEA,organic,accessories,1,34.83,34.83,false
ORD-100526,2026-06-09,EMEA,email,footwear,1,95.25,95.25,false
ORD-100527,2026-06-09,NA,organic,accessories,1,22.94,22.94,false
ORD-100528,2026-06-09,APAC,organic,bags,1,57.53,57.53,false
ORD-100529,2026-06-09,EMEA,affiliate,outerwear,3,117.75,353.25,false
ORD-100530,2026-06-09,EMEA,organic,outerwear,1,175.22,175.22,false
ORD-100531,2026-06-10,NA,organic,outerwear,2,179.18,358.36,false
ORD-100532,2026-06-10,EMEA,affiliate,footwear,4,86.96,347.84,false
ORD-100533,2026-06-10,EMEA,email,bags,1,51.35,51.35,false
ORD-100534,2026-06-10,NA,email,accessories,2,34.08,68.16,false
ORD-100535,2026-06-10,EMEA,email,accessories,3,24.87,74.61,false
ORD-100536,2026-06-10,NA,organic,outerwear,1,114.03,114.03,false
ORD-100537,2026-06-10,EMEA,organic,footwear,1,72.3,72.3,false
ORD-100538,2026-06-10,LATAM,affiliate,footwear,2,70.82,141.64,false
ORD-100539,2026-06-10,NA,affiliate,footwear,1,83.28,83.28,false
ORD-100540,2026-06-10,NA,email,footwear,1,79.53,79.53,false
ORD-100541,2026-06-10,APAC,organic,outerwear,1,136.77,136.77,false
ORD-100542,2026-06-10,NA,affiliate,accessories,1,29.46,29.46,false
ORD-100543,2026-06-11,EMEA,organic,footwear,1,83.41,83.41,false
ORD-100544,2026-06-11,NA,organic,footwear,2,80.54,161.08,false
ORD-100545,2026-06-11,EMEA,paid_search,footwear,2,96.94,193.88,false
ORD-100546,2026-06-11,APAC,organic,footwear,1,102.51,102.51,false
ORD-100547,2026-06-11,EMEA,paid_search,outerwear,1,174.16,174.16,false
ORD-100548,2026-06-11,EMEA,organic,bags,1,59.98,59.98,false
ORD-100549,2026-06-11,EMEA,paid_search,accessories,1,21.41,21.41,false
ORD-100550,2026-06-11,EMEA,organic,accessories,1,22.75,22.75,false
ORD-100551,2026-06-11,EMEA,organic,outerwear,2,161.94,323.88,false
ORD-100552,2026-06-11,NA,organic,footwear,1,107.73,107.73,false
ORD-100553,2026-06-11,NA,paid_search,outerwear,1,136.1,136.1,true
ORD-100554,2026-06-11,EMEA,organic,accessories,1,21.46,21.46,false
ORD-100555,2026-06-11,EMEA,organic,footwear,2,68.11,136.22,false
ORD-100556,2026-06-11,NA,affiliate,outerwear,2,143.54,287.08,false
ORD-100557,2026-06-12,EMEA,organic,accessories,3,26.34,79.02,false
ORD-100558,2026-06-12,EMEA,organic,outerwear,1,143.76,143.76,false
ORD-100559,2026-06-12,APAC,organic,accessories,2,20.56,41.12,true
ORD-100560,2026-06-12,EMEA,paid_search,accessories,3,32.02,96.06,false
ORD-100561,2026-06-12,NA,organic,accessories,2,20.99,41.98,false
ORD-100562,2026-06-12,APAC,affiliate,bags,2,80.39,160.78,false
ORD-100563,2026-06-12,NA,paid_search,footwear,2,110.01,220.02,false
ORD-100564,2026-06-12,NA,organic,accessories,2,29.38,58.76,false
ORD-100565,2026-06-12,NA,paid_search,accessories,2,33.63,67.26,false
ORD-100566,2026-06-12,EMEA,paid_search,bags,1,88.31,88.31,false
ORD-100567,2026-06-13,NA,email,accessories,2,26.24,52.48,false
ORD-100568,2026-06-13,EMEA,organic,accessories,2,34.58,69.16,false
ORD-100569,2026-06-13,NA,organic,footwear,4,112.54,450.16,false
ORD-100570,2026-06-13,APAC,paid_search,outerwear,1,131.28,131.28,false
ORD-100571,2026-06-13,APAC,organic,accessories,1,36.05,36.05,false
ORD-100572,2026-06-13,APAC,organic,outerwear,1,176.09,176.09,true
ORD-100573,2026-06-13,NA,email,accessories,1,21.97,21.97,false
ORD-100574,2026-06-13,APAC,paid_search,bags,1,62.39,62.39,false
ORD-100575,2026-06-13,EMEA,organic,outerwear,1,111.74,111.74,false
ORD-100576,2026-06-13,APAC,email,accessories,2,30.76,61.52,false
ORD-100577,2026-06-14,EMEA,paid_search,outerwear,3,196.22,588.66,false
ORD-100578,2026-06-14,NA,paid_search,bags,1,61.43,61.43,false
ORD-100579,2026-06-14,LATAM,organic,footwear,3,91.57,274.71,false
ORD-100580,2026-06-14,APAC,email,footwear,1,88.79,88.79,false
ORD-100581,2026-06-14,LATAM,email,bags,1,62.67,62.67,false
ORD-100582,2026-06-14,LATAM,organic,outerwear,1,198.53,198.53,false
ORD-100583,2026-06-14,EMEA,paid_search,accessories,2,23.49,46.98,false
ORD-100584,2026-06-14,NA,affiliate,bags,2,82.89,165.78,false
ORD-100585,2026-06-14,NA,email,accessories,2,24.09,48.18,false
ORD-100586,2026-06-14,EMEA,organic,accessories,3,22.8,68.4,false
ORD-100587,2026-06-15,LATAM,email,outerwear,2,197.54,395.08,false
ORD-100588,2026-06-15,LATAM,organic,accessories,4,22.57,90.28,false
ORD-100589,2026-06-15,NA,organic,accessories,3,26.19,78.57,false
ORD-100590,2026-06-15,NA,email,bags,1,57.56,57.56,false
ORD-100591,2026-06-15,APAC,paid_search,outerwear,2,140.93,281.86,false
ORD-100592,2026-06-15,LATAM,paid_search,bags,2,60.57,121.14,false
ORD-100593,2026-06-15,EMEA,paid_search,accessories,2,21.47,42.94,false
ORD-100594,2026-06-15,EMEA,organic,accessories,1,35.17,35.17,false
ORD-100595,2026-06-15,APAC,organic,footwear,2,101.5,203.0,false
ORD-100596,2026-06-15,APAC,organic,accessories,1,22.39,22.39,false
ORD-100597,2026-06-15,NA,organic,bags,1,88.61,88.61,false
ORD-100598,2026-06-15,NA,paid_search,accessories,1,22.55,22.55,false
ORD-100599,2026-06-15,NA,paid_search,accessories,1,25.11,25.11,false
ORD-100600,2026-06-15,EMEA,email,outerwear,1,149.42,149.42,false
ORD-100601,2026-06-15,NA,email,outerwear,1,175.0,175.0,false
ORD-100602,2026-06-15,APAC,organic,footwear,2,109.38,218.76,false
ORD-100603,2026-06-15,NA,email,bags,1,60.56,60.56,false
ORD-100604,2026-06-15,NA,paid_search,accessories,1,34.57,34.57,false
ORD-100605,2026-06-16,LATAM,organic,accessories,1,28.1,28.1,false
ORD-100606,2026-06-16,EMEA,paid_search,bags,2,54.81,109.62,false
ORD-100607,2026-06-16,EMEA,paid_search,footwear,1,109.74,109.74,false
ORD-100608,2026-06-16,NA,email,accessories,4,28.32,113.28,false
ORD-100609,2026-06-16,EMEA,email,accessories,2,32.98,65.96,false
ORD-100610,2026-06-16,LATAM,organic,footwear,2,78.87,157.74,false
ORD-100611,2026-06-16,NA,organic,footwear,1,86.16,86.16,false
ORD-100612,2026-06-16,LATAM,organic,footwear,2,117.13,234.26,false
ORD-100613,2026-06-16,APAC,paid_search,bags,1,67.14,67.14,false
ORD-100614,2026-06-16,EMEA,organic,outerwear,1,129.01,129.01,false
ORD-100615,2026-06-16,EMEA,organic,footwear,1,74.99,74.99,false
ORD-100616,2026-06-17,NA,email,accessories,2,35.31,70.62,false
ORD-100617,2026-06-17,NA,email,footwear,1,87.14,87.14,false
ORD-100618,2026-06-17,EMEA,organic,accessories,1,29.95,29.95,false
ORD-100619,2026-06-17,APAC,email,footwear,1,73.75,73.75,false
ORD-100620,2026-06-17,NA,email,bags,2,63.42,126.84,false
ORD-100621,2026-06-17,NA,email,bags,4,87.4,349.6,false
ORD-100622,2026-06-17,NA,organic,outerwear,2,161.32,322.64,false
ORD-100623,2026-06-17,APAC,paid_search,footwear,3,74.73,224.19,false
ORD-100624,2026-06-17,EMEA,organic,bags,1,86.75,86.75,false
ORD-100625,2026-06-17,EMEA,email,bags,1,83.24,83.24,false
ORD-100626,2026-06-17,EMEA,paid_search,outerwear,3,161.88,485.64,false
ORD-100627,2026-06-17,EMEA,affiliate,bags,1,75.92,75.92,false
ORD-100628,2026-06-17,LATAM,paid_search,bags,3,53.09,159.27,false
ORD-100629,2026-06-17,APAC,organic,bags,2,73.0,146.0,false
ORD-100630,2026-06-17,NA,organic,outerwear,2,155.71,311.42,false
ORD-100631,2026-06-17,LATAM,organic,bags,1,51.61,51.61,false
ORD-100632,2026-06-17,APAC,paid_search,bags,1,80.38,80.38,false
ORD-100633,2026-06-17,EMEA,organic,outerwear,1,204.08,204.08,false
ORD-100634,2026-06-18,NA,paid_search,outerwear,2,115.1,230.2,false
ORD-100635,2026-06-18,EMEA,affiliate,footwear,1,65.09,65.09,false
ORD-100636,2026-06-18,NA,organic,footwear,1,108.61,108.61,false
ORD-100637,2026-06-18,NA,email,bags,3,49.06,147.18,false
ORD-100638,2026-06-18,NA,paid_search,footwear,2,100.58,201.16,false
ORD-100639,2026-06-18,NA,organic,outerwear,1,190.1,190.1,false
ORD-100640,2026-06-18,EMEA,paid_search,outerwear,2,204.77,409.54,false
ORD-100641,2026-06-18,LATAM,organic,footwear,1,77.26,77.26,false
ORD-100642,2026-06-18,NA,affiliate,accessories,1,32.2,32.2,false
ORD-100643,2026-06-18,NA,paid_search,outerwear,1,118.04,118.04,false
ORD-100644,2026-06-18,NA,affiliate,bags,1,66.14,66.14,false
ORD-100645,2026-06-18,EMEA,paid_search,footwear,3,110.28,330.84,false
ORD-100646,2026-06-18,EMEA,organic,bags,2,51.27,102.54,false
ORD-100647,2026-06-19,NA,organic,accessories,2,33.61,67.22,true
ORD-100648,2026-06-19,APAC,email,outerwear,4,173.33,693.32,false
ORD-100649,2026-06-19,EMEA,organic,accessories,1,23.62,23.62,false
ORD-100650,2026-06-19,APAC,email,accessories,3,24.94,74.82,false
ORD-100651,2026-06-19,EMEA,paid_search,footwear,1,69.87,69.87,false
ORD-100652,2026-06-19,EMEA,organic,accessories,1,21.48,21.48,false
ORD-100653,2026-06-19,NA,affiliate,outerwear,3,149.79,449.37,false
ORD-100654,2026-06-19,APAC,email,footwear,2,76.11,152.22,false
ORD-100655,2026-06-19,NA,paid_search,bags,2,90.69,181.38,false
ORD-100656,2026-06-19,EMEA,paid_search,accessories,2,23.6,47.2,false
ORD-100657,2026-06-19,APAC,organic,outerwear,2,169.91,339.82,false
ORD-100658,2026-06-19,EMEA,organic,footwear,1,102.43,102.43,false
ORD-100659,2026-06-20,NA,affiliate,footwear,1,71.93,71.93,false
ORD-100660,2026-06-20,EMEA,organic,accessories,3,26.97,80.91,false
ORD-100661,2026-06-20,LATAM,organic,outerwear,1,180.42,180.42,false
ORD-100662,2026-06-20,APAC,email,outerwear,1,190.01,190.01,false
ORD-100663,2026-06-21,EMEA,email,accessories,2,33.6,67.2,false
ORD-100664,2026-06-21,EMEA,affiliate,accessories,2,22.46,44.92,false
ORD-100665,2026-06-21,EMEA,organic,bags,1,52.71,52.71,false
ORD-100666,2026-06-21,NA,email,accessories,2,21.62,43.24,false
ORD-100667,2026-06-21,EMEA,paid_search,outerwear,1,181.27,181.27,false
ORD-100668,2026-06-21,LATAM,organic,outerwear,3,126.71,380.13,false
ORD-100669,2026-06-21,EMEA,email,outerwear,3,183.7,551.1,false
ORD-100670,2026-06-21,APAC,organic,accessories,3,20.29,60.87,false
ORD-100671,2026-06-21,NA,paid_search,footwear,1,90.98,90.98,false
ORD-100672,2026-06-22,NA,organic,footwear,1,115.02,115.02,false
ORD-100673,2026-06-22,LATAM,paid_search,outerwear,1,145.36,145.36,false
ORD-100674,2026-06-22,NA,affiliate,footwear,1,90.79,90.79,false
ORD-100675,2026-06-22,EMEA,organic,bags,1,88.75,88.75,false
ORD-100676,2026-06-22,LATAM,paid_search,accessories,1,20.83,20.83,false
ORD-100677,2026-06-22,EMEA,paid_search,outerwear,1,154.13,154.13,false
ORD-100678,2026-06-22,EMEA,paid_search,accessories,1,31.22,31.22,false
ORD-100679,2026-06-22,NA,email,footwear,2,101.98,203.96,true
ORD-100680,2026-06-22,LATAM,email,outerwear,2,124.73,249.46,false
ORD-100681,2026-06-22,EMEA,paid_search,accessories,2,30.33,60.66,false
ORD-100682,2026-06-22,LATAM,email,footwear,1,110.99,110.99,false
ORD-100683,2026-06-22,NA,paid_search,accessories,2,29.2,58.4,false
ORD-100684,2026-06-22,NA,email,footwear,1,90.8,90.8,false
ORD-100685,2026-06-22,EMEA,paid_search,bags,2,57.91,115.82,false
ORD-100686,2026-06-22,LATAM,organic,accessories,4,27.08,108.32,false
ORD-100687,2026-06-22,NA,email,bags,1,66.37,66.37,false
ORD-100688,2026-06-23,NA,paid_search,footwear,1,108.87,108.87,false
ORD-100689,2026-06-23,LATAM,organic,bags,1,59.1,59.1,false
ORD-100690,2026-06-23,APAC,organic,outerwear,4,123.79,495.16,false
ORD-100691,2026-06-23,NA,email,bags,1,73.65,73.65,false
ORD-100692,2026-06-23,LATAM,organic,outerwear,3,202.25,606.75,false
ORD-100693,2026-06-23,APAC,organic,footwear,1,109.31,109.31,false
ORD-100694,2026-06-23,APAC,email,outerwear,3,150.99,452.97,false
ORD-100695,2026-06-23,NA,organic,footwear,1,91.65,91.65,false
ORD-100696,2026-06-23,NA,email,outerwear,1,167.42,167.42,false
ORD-100697,2026-06-23,EMEA,email,accessories,2,26.34,52.68,false
ORD-100698,2026-06-23,APAC,organic,footwear,2,90.11,180.22,false
ORD-100699,2026-06-23,APAC,paid_search,bags,1,81.03,81.03,false
ORD-100700,2026-06-23,LATAM,organic,accessories,2,23.34,46.68,false
ORD-100701,2026-06-24,APAC,organic,bags,4,86.91,347.64,false
ORD-100702,2026-06-24,EMEA,organic,bags,2,54.34,108.68,false
ORD-100703,2026-06-24,NA,paid_search,footwear,1,112.89,112.89,false
ORD-100704,2026-06-24,NA,paid_search,bags,3,73.28,219.84,false
ORD-100705,2026-06-24,APAC,organic,outerwear,2,177.06,354.12,false
ORD-100706,2026-06-24,NA,paid_search,footwear,4,106.39,425.56,false
ORD-100707,2026-06-24,EMEA,organic,outerwear,1,192.06,192.06,false
ORD-100708,2026-06-24,EMEA,organic,bags,2,85.86,171.72,false
ORD-100709,2026-06-24,EMEA,organic,bags,2,60.45,120.9,false
ORD-100710,2026-06-24,NA,affiliate,outerwear,1,132.84,132.84,false
ORD-100711,2026-06-24,EMEA,paid_search,footwear,1,68.63,68.63,false
ORD-100712,2026-06-24,NA,organic,footwear,1,81.75,81.75,false
ORD-100713,2026-06-24,EMEA,organic,footwear,3,78.65,235.95,false
ORD-100714,2026-06-24,NA,organic,accessories,1,33.97,33.97,false
ORD-100715,2026-06-24,EMEA,organic,footwear,2,110.37,220.74,false
ORD-100716,2026-06-24,NA,organic,accessories,2,32.87,65.74,false
ORD-100717,2026-06-25,NA,paid_search,bags,2,58.71,117.42,false
ORD-100718,2026-06-25,APAC,paid_search,outerwear,1,200.02,200.02,false
ORD-100719,2026-06-25,EMEA,organic,accessories,1,28.18,28.18,false
ORD-100720,2026-06-25,NA,paid_search,footwear,1,80.13,80.13,false
ORD-100721,2026-06-25,EMEA,organic,outerwear,1,140.59,140.59,false
ORD-100722,2026-06-25,NA,paid_search,outerwear,1,143.24,143.24,false
ORD-100723,2026-06-25,APAC,organic,accessories,1,28.19,28.19,false
ORD-100724,2026-06-25,LATAM,email,accessories,1,28.04,28.04,false
ORD-100725,2026-06-25,NA,email,bags,1,62.48,62.48,false
ORD-100726,2026-06-25,EMEA,organic,bags,1,81.65,81.65,false
ORD-100727,2026-06-25,NA,email,bags,1,82.84,82.84,false
ORD-100728,2026-06-25,LATAM,affiliate,bags,2,64.63,129.26,false
ORD-100729,2026-06-25,EMEA,organic,footwear,1,89.23,89.23,false
ORD-100730,2026-06-25,NA,email,outerwear,1,176.19,176.19,true
ORD-100731,2026-06-25,EMEA,affiliate,accessories,1,20.87,20.87,false
ORD-100732,2026-06-25,NA,paid_search,footwear,1,114.28,114.28,false
ORD-100733,2026-06-25,EMEA,organic,accessories,1,28.34,28.34,false
ORD-100734,2026-06-25,NA,paid_search,bags,2,64.24,128.48,false
ORD-100735,2026-06-25,APAC,paid_search,footwear,1,104.95,104.95,false
ORD-100736,2026-06-25,NA,email,outerwear,1,138.45,138.45,false
ORD-100737,2026-06-25,APAC,paid_search,outerwear,2,198.29,396.58,false
ORD-100738,2026-06-25,NA,affiliate,outerwear,1,159.84,159.84,false
ORD-100739,2026-06-25,NA,paid_search,accessories,1,31.65,31.65,false
ORD-100740,2026-06-25,EMEA,email,footwear,2,111.7,223.4,false
ORD-100741,2026-06-25,APAC,email,footwear,3,116.61,349.83,false
ORD-100742,2026-06-25,NA,organic,accessories,3,24.49,73.47,false
ORD-100743,2026-06-25,APAC,paid_search,outerwear,1,175.4,175.4,false
ORD-100744,2026-06-25,APAC,organic,outerwear,2,172.39,344.78,false
ORD-100745,2026-06-25,NA,email,outerwear,2,135.06,270.12,false
ORD-100746,2026-06-25,EMEA,email,outerwear,1,178.98,178.98,false
ORD-100747,2026-06-25,LATAM,email,outerwear,2,194.79,389.58,false
ORD-100748,2026-06-25,LATAM,paid_search,footwear,2,110.58,221.16,false
ORD-100749,2026-06-25,NA,organic,bags,2,85.63,171.26,false
ORD-100750,2026-06-25,EMEA,organic,footwear,1,113.0,113.0,false
ORD-100751,2026-06-25,NA,organic,footwear,1,66.98,66.98,false
ORD-100752,2026-06-26,NA,email,bags,1,75.62,75.62,false
ORD-100753,2026-06-26,NA,affiliate,accessories,2,25.34,50.68,false
ORD-100754,2026-06-26,NA,organic,footwear,1,87.06,87.06,false
ORD-100755,2026-06-26,APAC,paid_search,accessories,1,34.97,34.97,false
ORD-100756,2026-06-26,EMEA,affiliate,footwear,1,95.49,95.49,true
ORD-100757,2026-06-26,NA,organic,outerwear,1,189.21,189.21,false
ORD-100758,2026-06-26,NA,organic,footwear,1,112.81,112.81,false
ORD-100759,2026-06-26,EMEA,email,footwear,3,75.21,225.63,false
ORD-100760,2026-06-26,APAC,paid_search,outerwear,1,182.7,182.7,true
ORD-100761,2026-06-26,EMEA,affiliate,bags,4,72.62,290.48,false
ORD-100762,2026-06-26,EMEA,organic,footwear,3,84.04,252.12,false
ORD-100763,2026-06-26,EMEA,paid_search,outerwear,1,199.93,199.93,false
ORD-100764,2026-06-26,EMEA,paid_search,footwear,1,97.3,97.3,false
ORD-100765,2026-06-26,APAC,organic,bags,1,81.58,81.58,false
ORD-100766,2026-06-26,EMEA,organic,outerwear,1,133.04,133.04,false
ORD-100767,2026-06-26,NA,paid_search,outerwear,4,179.77,719.08,false
ORD-100768,2026-06-26,EMEA,affiliate,outerwear,1,190.93,190.93,false
ORD-100769,2026-06-26,NA,paid_search,bags,3,85.58,256.74,false
ORD-100770,2026-06-26,EMEA,email,accessories,1,30.13,30.13,false
ORD-100771,2026-06-26,NA,paid_search,outerwear,4,132.62,530.48,false
ORD-100772,2026-06-26,EMEA,organic,accessories,1,23.1,23.1,false
ORD-100773,2026-06-26,LATAM,paid_search,accessories,1,27.47,27.47,false
ORD-100774,2026-06-26,EMEA,organic,accessories,1,22.75,22.75,false
ORD-100775,2026-06-26,EMEA,email,footwear,1,85.24,85.24,false
ORD-100776,2026-06-26,EMEA,email,accessories,1,31.0,31.0,false
ORD-100777,2026-06-26,NA,email,footwear,1,107.37,107.37,false
ORD-100778,2026-06-26,NA,email,bags,4,75.09,300.36,false
ORD-100779,2026-06-26,APAC,email,footwear,3,72.1,216.3,false
ORD-100780,2026-06-26,NA,organic,outerwear,1,201.09,201.09,false
ORD-100781,2026-06-26,NA,email,footwear,1,113.99,113.99,false
ORD-100782,2026-06-26,NA,paid_search,bags,1,64.28,64.28,false
ORD-100783,2026-06-26,NA,paid_search,accessories,2,27.42,54.84,false
ORD-100784,2026-06-26,APAC,paid_search,accessories,1,32.83,32.83,false
ORD-100785,2026-06-26,EMEA,paid_search,footwear,1,82.42,82.42,false
ORD-100786,2026-06-26,EMEA,organic,footwear,1,75.65,75.65,false
ORD-100787,2026-06-27,APAC,organic,footwear,1,70.81,70.81,false
ORD-100788,2026-06-27,LATAM,paid_search,outerwear,1,198.91,198.91,false
ORD-100789,2026-06-27,NA,paid_search,outerwear,1,158.32,158.32,false
ORD-100790,2026-06-27,EMEA,organic,outerwear,1,204.14,204.14,true
ORD-100791,2026-06-27,NA,organic,footwear,1,102.4,102.4,false
ORD-100792,2026-06-27,NA,affiliate,outerwear,1,175.09,175.09,false
ORD-100793,2026-06-27,NA,organic,bags,1,66.2,66.2,false
ORD-100794,2026-06-27,NA,paid_search,outerwear,1,196.13,196.13,false
ORD-100795,2026-06-27,NA,email,bags,1,77.66,77.66,true
ORD-100796,2026-06-27,EMEA,organic,footwear,1,112.71,112.71,false
ORD-100797,2026-06-27,EMEA,organic,outerwear,2,198.23,396.46,false
ORD-100798,2026-06-27,LATAM,paid_search,bags,1,76.2,76.2,false
ORD-100799,2026-06-27,EMEA,organic,footwear,2,84.05,168.1,false
ORD-100800,2026-06-27,LATAM,organic,bags,1,69.18,69.18,false
ORD-100801,2026-06-27,NA,paid_search,bags,1,90.85,90.85,false
ORD-100802,2026-06-27,APAC,organic,footwear,4,102.04,408.16,false
ORD-100803,2026-06-27,EMEA,affiliate,accessories,1,33.8,33.8,false
ORD-100804,2026-06-28,APAC,paid_search,bags,3,80.87,242.61,false
ORD-100805,2026-06-28,EMEA,email,accessories,1,26.59,26.59,false
ORD-100806,2026-06-28,NA,email,footwear,1,112.45,112.45,false
ORD-100807,2026-06-28,EMEA,email,accessories,1,26.95,26.95,false
ORD-100808,2026-06-28,NA,affiliate,accessories,1,30.39,30.39,false
ORD-100809,2026-06-28,EMEA,paid_search,bags,2,78.16,156.32,false
ORD-100810,2026-06-28,EMEA,email,accessories,1,35.34,35.34,false
ORD-100811,2026-06-28,APAC,email,outerwear,2,139.06,278.12,false
ORD-100812,2026-06-28,EMEA,paid_search,outerwear,1,192.16,192.16,false
ORD-100813,2026-06-28,APAC,organic,bags,1,52.62,52.62,false
ORD-100814,2026-06-28,EMEA,email,bags,1,85.9,85.9,false
ORD-100815,2026-06-28,NA,email,outerwear,4,172.48,689.92,false
ORD-100816,2026-06-28,NA,email,accessories,1,22.18,22.18,false
ORD-100817,2026-06-28,LATAM,organic,accessories,1,20.46,20.46,false
ORD-100818,2026-06-28,NA,organic,footwear,2,93.49,186.98,false
ORD-100819,2026-06-29,NA,email,accessories,2,31.91,63.82,false
ORD-100820,2026-06-29,NA,organic,outerwear,3,126.2,378.6,false
ORD-100821,2026-06-29,LATAM,paid_search,outerwear,3,196.71,590.13,false
ORD-100822,2026-06-29,EMEA,email,footwear,1,106.12,106.12,false
ORD-100823,2026-06-29,NA,organic,accessories,1,21.32,21.32,false
ORD-100824,2026-06-29,EMEA,organic,accessories,1,28.6,28.6,false
ORD-100825,2026-06-29,APAC,affiliate,footwear,4,89.2,356.8,false
ORD-100826,2026-06-29,LATAM,paid_search,accessories,1,35.0,35.0,false
ORD-100827,2026-06-29,LATAM,organic,outerwear,1,168.63,168.63,false
ORD-100828,2026-06-29,NA,paid_search,footwear,1,75.65,75.65,false
ORD-100829,2026-06-29,LATAM,paid_search,outerwear,2,176.21,352.42,false
ORD-100830,2026-06-29,EMEA,email,footwear,1,117.88,117.88,false
ORD-100831,2026-06-29,NA,organic,footwear,1,83.39,83.39,false
ORD-100832,2026-06-29,EMEA,organic,outerwear,4,197.4,789.6,false
ORD-100833,2026-06-29,EMEA,paid_search,accessories,2,25.87,51.74,false
ORD-100834,2026-06-29,EMEA,organic,bags,1,80.42,80.42,false
ORD-100835,2026-06-29,NA,paid_search,footwear,4,118.93,475.72,false
ORD-100836,2026-06-29,LATAM,organic,outerwear,1,145.78,145.78,false
ORD-100837,2026-06-29,APAC,organic,outerwear,1,125.36,125.36,false
ORD-100838,2026-06-29,NA,paid_search,accessories,1,29.06,29.06,false
ORD-100839,2026-06-29,LATAM,organic,footwear,2,77.11,154.22,false
ORD-100840,2026-06-29,NA,organic,accessories,1,20.99,20.99,false
ORD-100841,2026-06-29,NA,paid_search,footwear,1,101.05,101.05,false
ORD-100842,2026-06-29,EMEA,organic,footwear,1,74.06,74.06,false
ORD-100843,2026-06-29,EMEA,email,footwear,1,68.43,68.43,false
ORD-100844,2026-06-29,EMEA,affiliate,bags,1,55.48,55.48,false
ORD-100845,2026-06-29,LATAM,email,bags,3,73.71,221.13,false
ORD-100846,2026-06-29,EMEA,organic,outerwear,2,186.33,372.66,false
ORD-100847,2026-06-29,NA,paid_search,outerwear,1,126.93,126.93,false
ORD-100848,2026-06-29,NA,organic,footwear,1,89.85,89.85,false
ORD-100849,2026-06-29,EMEA,organic,bags,1,77.94,77.94,false
ORD-100850,2026-06-29,NA,organic,accessories,1,26.15,26.15,false
ORD-100851,2026-06-29,NA,organic,footwear,1,74.67,74.67,false
ORD-100852,2026-06-29,NA,paid_search,bags,1,53.14,53.14,false
ORD-100853,2026-06-29,EMEA,paid_search,footwear,3,109.03,327.09,false
ORD-100854,2026-06-30,EMEA,email,footwear,2,95.98,191.96,false
ORD-100855,2026-06-30,NA,email,footwear,1,81.85,81.85,false
ORD-100856,2026-06-30,APAC,organic,accessories,1,33.33,33.33,false
ORD-100857,2026-06-30,NA,email,bags,1,49.11,49.11,false
ORD-100858,2026-06-30,APAC,organic,outerwear,2,135.77,271.54,false
ORD-100859,2026-06-30,APAC,affiliate,outerwear,1,114.92,114.92,false
ORD-100860,2026-06-30,LATAM,paid_search,accessories,2,31.98,63.96,false
ORD-100861,2026-06-30,EMEA,organic,outerwear,1,130.37,130.37,false
ORD-100862,2026-06-30,EMEA,paid_search,outerwear,1,173.85,173.85,false
ORD-100863,2026-06-30,NA,paid_search,outerwear,1,138.87,138.87,false
ORD-100864,2026-06-30,NA,organic,accessories,1,23.61,23.61,false
ORD-100865,2026-06-30,EMEA,organic,accessories,1,33.33,33.33,true
ORD-100866,2026-06-30,NA,organic,outerwear,2,193.2,386.4,false
ORD-100867,2026-06-30,APAC,paid_search,accessories,2,22.91,45.82,false
ORD-100868,2026-06-30,EMEA,organic,accessories,2,31.05,62.1,false
ORD-100869,2026-06-30,APAC,organic,footwear,1,97.65,97.65,false
ORD-100870,2026-06-30,APAC,organic,outerwear,1,155.97,155.97,false
ORD-100871,2026-06-30,NA,email,footwear,1,78.97,78.97,false
ORD-100872,2026-06-30,EMEA,affiliate,bags,3,67.48,202.44,false
ORD-100873,2026-06-30,NA,organic,outerwear,2,144.51,289.02,false
ORD-100874,2026-06-30,EMEA,email,footwear,2,113.23,226.46,false
ORD-100875,2026-06-30,NA,affiliate,accessories,1,21.3,21.3,false
ORD-100876,2026-06-30,APAC,email,accessories,4,26.0,104.0,false
ORD-100877,2026-06-30,NA,organic,footwear,2,82.45,164.9,false
ORD-100878,2026-06-30,EMEA,paid_search,footwear,1,95.68,95.68,false
ORD-100879,2026-06-30,EMEA,organic,outerwear,1,166.83,166.83,false
ORD-100880,2026-06-30,NA,organic,accessories,1,33.68,33.68,false
ORD-100881,2026-06-30,APAC,organic,bags,1,66.52,66.52,false
ORD-100882,2026-06-30,NA,organic,bags,1,85.07,85.07,false
ORD-100883,2026-06-30,NA,email,footwear,1,94.44,94.44,false
ORD-100884,2026-07-01,NA,email,footwear,1,85.07,85.07,false
ORD-100885,2026-07-01,EMEA,organic,bags,1,65.29,65.29,false
ORD-100886,2026-07-01,APAC,paid_search,bags,3,85.98,257.94,false
ORD-100887,2026-07-01,NA,paid_search,footwear,1,69.1,69.1,false
ORD-100888,2026-07-01,NA,organic,accessories,3,25.26,75.78,false
ORD-100889,2026-07-01,EMEA,organic,bags,1,61.2,61.2,false
ORD-100890,2026-07-01,APAC,paid_search,accessories,1,28.8,28.8,false
ORD-100891,2026-07-01,NA,organic,accessories,2,25.57,51.14,false
ORD-100892,2026-07-01,NA,organic,footwear,1,87.11,87.11,false
ORD-100893,2026-07-01,NA,organic,outerwear,4,129.76,519.04,false
ORD-100894,2026-07-01,NA,email,outerwear,2,154.54,309.08,false
ORD-100895,2026-07-01,NA,organic,footwear,1,113.05,113.05,false
ORD-100896,2026-07-01,EMEA,organic,bags,2,71.79,143.58,false
ORD-100897,2026-07-01,APAC,organic,outerwear,2,184.44,368.88,false
ORD-100898,2026-07-01,EMEA,organic,outerwear,2,180.84,361.68,false
ORD-100899,2026-07-01,NA,organic,outerwear,1,169.76,169.76,false
ORD-100900,2026-07-01,APAC,paid_search,bags,2,62.44,124.88,false
ORD-100901,2026-07-01,NA,organic,outerwear,2,173.21,346.42,false
ORD-100902,2026-07-01,APAC,paid_search,outerwear,1,191.64,191.64,false
ORD-100903,2026-07-01,APAC,paid_search,footwear,1,76.76,76.76,false
ORD-100904,2026-07-01,EMEA,organic,outerwear,3,130.27,390.81,false
ORD-100905,2026-07-01,NA,organic,accessories,1,34.67,34.67,true
ORD-100906,2026-07-01,EMEA,organic,accessories,2,24.47,48.94,false
ORD-100907,2026-07-01,EMEA,organic,bags,1,89.89,89.89,false
ORD-100908,2026-07-01,NA,paid_search,accessories,1,20.97,20.97,false
ORD-100909,2026-07-01,APAC,email,outerwear,1,162.71,162.71,false
ORD-100910,2026-07-01,EMEA,paid_search,outerwear,1,182.0,182.0,false
ORD-100911,2026-07-01,APAC,paid_search,bags,1,52.96,52.96,false
ORD-100912,2026-07-01,APAC,email,accessories,1,19.88,19.88,false
ORD-100913,2026-07-01,LATAM,affiliate,accessories,1,22.12,22.12,false
ORD-100914,2026-07-01,NA,paid_search,outerwear,1,125.59,125.59,false
ORD-100915,2026-07-01,APAC,organic,outerwear,2,134.63,269.26,false
ORD-100916,2026-07-01,NA,organic,accessories,2,27.52,55.04,false
ORD-100917,2026-07-01,APAC,organic,bags,2,85.74,171.48,false
ORD-100918,2026-07-01,EMEA,affiliate,outerwear,2,127.1,254.2,false
ORD-100919,2026-07-02,EMEA,organic,bags,1,77.35,77.35,false
ORD-100920,2026-07-02,NA,paid_search,bags,1,86.77,86.77,false
ORD-100921,2026-07-02,EMEA,paid_search,accessories,1,22.5,22.5,false
ORD-100922,2026-07-02,EMEA,affiliate,outerwear,1,158.97,158.97,false
ORD-100923,2026-07-02,EMEA,paid_search,outerwear,1,195.81,195.81,false
ORD-100924,2026-07-02,EMEA,organic,accessories,2,29.39,58.78,false
ORD-100925,2026-07-02,NA,organic,footwear,1,67.68,67.68,false
ORD-100926,2026-07-02,EMEA,organic,footwear,1,95.67,95.67,false
ORD-100927,2026-07-02,EMEA,organic,accessories,1,20.88,20.88,false
ORD-100928,2026-07-02,NA,email,bags,1,59.19,59.19,false
ORD-100929,2026-07-02,NA,organic,footwear,1,105.45,105.45,false
ORD-100930,2026-07-02,NA,affiliate,outerwear,1,114.38,114.38,false
ORD-100931,2026-07-02,APAC,email,bags,1,66.58,66.58,false
ORD-100932,2026-07-02,EMEA,email,bags,1,71.34,71.34,false
ORD-100933,2026-07-02,LATAM,affiliate,bags,1,51.03,51.03,false
ORD-100934,2026-07-02,LATAM,organic,footwear,1,84.44,84.44,false
ORD-100935,2026-07-03,EMEA,email,outerwear,2,155.75,311.5,false
ORD-100936,2026-07-03,EMEA,organic,outerwear,1,148.41,148.41,true
ORD-100937,2026-07-03,EMEA,organic,accessories,1,23.32,23.32,false
ORD-100938,2026-07-03,APAC,organic,footwear,2,80.95,161.9,false
ORD-100939,2026-07-03,LATAM,paid_search,footwear,4,80.58,322.32,false
ORD-100940,2026-07-03,EMEA,paid_search,bags,2,80.16,160.32,false
ORD-100941,2026-07-03,EMEA,affiliate,bags,4,65.11,260.44,false
ORD-100942,2026-07-03,NA,paid_search,accessories,1,31.36,31.36,false
ORD-100943,2026-07-03,LATAM,organic,footwear,1,100.04,100.04,false
ORD-100944,2026-07-03,NA,paid_search,bags,2,60.6,121.2,false
ORD-100945,2026-07-03,NA,organic,accessories,3,23.43,70.29,false
ORD-100946,2026-07-03,NA,email,bags,2,82.26,164.52,false
ORD-100947,2026-07-03,NA,organic,footwear,3,70.1,210.3,false
ORD-100948,2026-07-03,EMEA,paid_search,bags,1,82.62,82.62,false
ORD-100949,2026-07-03,EMEA,organic,footwear,2,94.58,189.16,false
ORD-100950,2026-07-03,LATAM,paid_search,bags,1,73.66,73.66,false
ORD-100951,2026-07-03,EMEA,organic,footwear,1,100.3,100.3,false
ORD-100952,2026-07-04,APAC,paid_search,footwear,1,75.94,75.94,false
ORD-100953,2026-07-04,NA,organic,accessories,1,26.76,26.76,false
ORD-100954,2026-07-04,NA,organic,accessories,2,27.96,55.92,false
ORD-100955,2026-07-04,NA,organic,accessories,1,27.96,27.96,false
ORD-100956,2026-07-04,NA,organic,bags,3,70.59,211.77,false
ORD-100957,2026-07-04,NA,organic,bags,3,59.8,179.4,false
ORD-100958,2026-07-04,APAC,organic,outerwear,2,164.16,328.32,false
ORD-100959,2026-07-04,EMEA,paid_search,accessories,2,35.0,70.0,false
ORD-100960,2026-07-04,NA,paid_search,accessories,2,21.19,42.38,false
ORD-100961,2026-07-04,NA,organic,footwear,3,116.95,350.85,false
ORD-100962,2026-07-05,EMEA,affiliate,accessories,1,28.97,28.97,false
ORD-100963,2026-07-05,EMEA,email,accessories,4,27.23,108.92,false
ORD-100964,2026-07-05,APAC,paid_search,outerwear,2,194.84,389.68,false
ORD-100965,2026-07-05,EMEA,paid_search,accessories,1,35.91,35.91,false
ORD-100966,2026-07-05,EMEA,organic,outerwear,1,125.74,125.74,false
ORD-100967,2026-07-05,LATAM,email,footwear,1,72.0,72.0,false
ORD-100968,2026-07-05,EMEA,paid_search,accessories,1,23.92,23.92,false
ORD-100969,2026-07-05,APAC,organic,bags,1,67.53,67.53,false
ORD-100970,2026-07-05,NA,paid_search,outerwear,1,133.84,133.84,false
ORD-100971,2026-07-05,NA,affiliate,footwear,1,79.9,79.9,false
ORD-100972,2026-07-05,NA,email,footwear,2,96.68,193.36,false
ORD-100973,2026-07-05,NA,organic,bags,1,83.23,83.23,false
ORD-100974,2026-07-06,APAC,paid_search,outerwear,1,178.51,178.51,false
ORD-100975,2026-07-06,EMEA,affiliate,bags,3,83.21,249.63,false
ORD-100976,2026-07-06,APAC,affiliate,accessories,1,20.08,20.08,false
ORD-100977,2026-07-06,NA,paid_search,accessories,2,35.13,70.26,false
ORD-100978,2026-07-06,EMEA,email,accessories,3,30.97,92.91,false
ORD-100979,2026-07-06,EMEA,organic,outerwear,1,130.84,130.84,false
ORD-100980,2026-07-06,APAC,organic,bags,1,50.92,50.92,false
ORD-100981,2026-07-06,NA,paid_search,bags,1,68.04,68.04,true
ORD-100982,2026-07-06,NA,organic,footwear,1,110.97,110.97,false
ORD-100983,2026-07-06,APAC,organic,accessories,2,26.4,52.8,false
ORD-100984,2026-07-06,EMEA,organic,footwear,1,119.07,119.07,false
ORD-100985,2026-07-06,NA,paid_search,footwear,2,111.16,222.32,false
ORD-100986,2026-07-06,EMEA,organic,accessories,2,29.25,58.5,false
ORD-100987,2026-07-06,NA,organic,accessories,1,35.49,35.49,false
ORD-100988,2026-07-06,APAC,paid_search,footwear,1,69.72,69.72,false
ORD-100989,2026-07-06,APAC,organic,footwear,2,89.99,179.98,false
ORD-100990,2026-07-07,APAC,email,bags,2,60.62,121.24,false
ORD-100991,2026-07-07,NA,paid_search,outerwear,1,155.62,155.62,false
ORD-100992,2026-07-07,NA,affiliate,footwear,1,94.04,94.04,false
ORD-100993,2026-07-07,NA,organic,footwear,1,112.79,112.79,false
ORD-100994,2026-07-07,EMEA,paid_search,bags,1,87.01,87.01,false
ORD-100995,2026-07-07,APAC,organic,outerwear,1,194.55,194.55,false
ORD-100996,2026-07-07,EMEA,paid_search,outerwear,2,133.61,267.22,false
ORD-100997,2026-07-07,APAC,organic,accessories,1,21.81,21.81,false
ORD-100998,2026-07-07,APAC,organic,bags,1,65.22,65.22,false
ORD-100999,2026-07-07,NA,affiliate,accessories,3,19.75,59.25,false
ORD-101000,2026-07-07,NA,email,outerwear,2,110.97,221.94,false
ORD-101001,2026-07-07,EMEA,paid_search,accessories,1,22.05,22.05,false
ORD-101002,2026-07-07,NA,email,footwear,2,89.44,178.88,false
ORD-101003,2026-07-07,EMEA,organic,footwear,1,115.93,115.93,false
ORD-101004,2026-07-07,NA,email,accessories,1,32.27,32.27,false
ORD-101005,2026-07-07,NA,organic,accessories,4,21.61,86.44,false
ORD-101006,2026-07-07,EMEA,paid_search,outerwear,2,165.01,330.02,false
ORD-101007,2026-07-07,NA,organic,outerwear,1,146.4,146.4,false
ORD-101008,2026-07-07,EMEA,email,footwear,1,80.98,80.98,true
ORD-101009,2026-07-08,EMEA,organic,outerwear,1,119.75,119.75,false
ORD-101010,2026-07-08,EMEA,paid_search,footwear,1,100.93,100.93,false
ORD-101011,2026-07-08,EMEA,paid_search,bags,2,53.88,107.76,false
ORD-101012,2026-07-08,NA,organic,bags,2,82.03,164.06,false
ORD-101013,2026-07-08,EMEA,paid_search,bags,1,66.61,66.61,false
ORD-101014,2026-07-08,NA,organic,bags,1,85.39,85.39,false
ORD-101015,2026-07-08,APAC,organic,footwear,3,88.89,266.67,false
ORD-101016,2026-07-08,NA,paid_search,accessories,1,23.32,23.32,false
ORD-101017,2026-07-08,APAC,email,outerwear,4,156.82,627.28,false
ORD-101018,2026-07-08,EMEA,organic,bags,2,72.45,144.9,false
ORD-101019,2026-07-08,NA,paid_search,outerwear,1,160.05,160.05,false
ORD-101020,2026-07-08,EMEA,paid_search,bags,1,75.15,75.15,false
ORD-101021,2026-07-08,APAC,email,footwear,1,118.76,118.76,true
ORD-101022,2026-07-08,EMEA,affiliate,accessories,3,34.07,102.21,false
ORD-101023,2026-07-08,NA,affiliate,outerwear,2,176.03,352.06,false
ORD-101024,2026-07-08,APAC,affiliate,accessories,1,26.38,26.38,false
ORD-101025,2026-07-08,NA,paid_search,bags,1,53.49,53.49,false
ORD-101026,2026-07-09,EMEA,paid_search,bags,2,73.01,146.02,false
ORD-101027,2026-07-09,APAC,organic,bags,1,65.21,65.21,false
ORD-101028,2026-07-09,EMEA,organic,bags,1,57.69,57.69,false
ORD-101029,2026-07-09,NA,paid_search,footwear,3,77.12,231.36,false
ORD-101030,2026-07-09,NA,organic,footwear,1,67.73,67.73,false
ORD-101031,2026-07-09,NA,organic,accessories,1,21.81,21.81,false
ORD-101032,2026-07-09,NA,organic,footwear,1,65.97,65.97,false
ORD-101033,2026-07-09,EMEA,email,bags,4,60.22,240.88,false
ORD-101034,2026-07-09,APAC,email,accessories,2,21.69,43.38,false
ORD-101035,2026-07-09,NA,paid_search,footwear,1,117.81,117.81,false
ORD-101036,2026-07-09,EMEA,organic,footwear,1,85.26,85.26,false
ORD-101037,2026-07-09,EMEA,paid_search,bags,2,79.27,158.54,false
ORD-101038,2026-07-09,NA,organic,accessories,1,30.05,30.05,false
ORD-101039,2026-07-09,APAC,paid_search,bags,1,85.45,85.45,false
ORD-101040,2026-07-09,NA,paid_search,bags,2,76.26,152.52,false
ORD-101041,2026-07-09,EMEA,paid_search,outerwear,1,114.37,114.37,false
ORD-101042,2026-07-09,EMEA,email,footwear,2,80.2,160.4,false
ORD-101043,2026-07-10,APAC,affiliate,outerwear,1,157.83,157.83,false
ORD-101044,2026-07-10,NA,paid_search,bags,1,53.0,53.0,false
ORD-101045,2026-07-10,NA,affiliate,outerwear,1,138.13,138.13,false
ORD-101046,2026-07-10,APAC,affiliate,accessories,1,28.06,28.06,false
ORD-101047,2026-07-10,NA,paid_search,accessories,2,30.8,61.6,false
ORD-101048,2026-07-10,APAC,organic,footwear,1,76.74,76.74,false
ORD-101049,2026-07-10,EMEA,email,accessories,1,33.43,33.43,false
ORD-101050,2026-07-10,NA,paid_search,accessories,1,25.56,25.56,false
ORD-101051,2026-07-10,EMEA,paid_search,bags,1,73.34,73.34,false
ORD-101052,2026-07-10,NA,paid_search,footwear,1,114.73,114.73,false
ORD-101053,2026-07-10,NA,organic,accessories,3,23.53,70.59,false
ORD-101054,2026-07-10,EMEA,paid_search,outerwear,3,114.09,342.27,false
ORD-101055,2026-07-10,EMEA,paid_search,bags,1,69.97,69.97,false
ORD-101056,2026-07-10,NA,organic,bags,1,69.04,69.04,false
ORD-101057,2026-07-10,EMEA,email,accessories,1,21.93,21.93,false
ORD-101058,2026-07-10,EMEA,paid_search,footwear,1,72.28,72.28,false
ORD-101059,2026-07-10,NA,affiliate,accessories,1,35.04,35.04,false
ORD-101060,2026-07-10,EMEA,paid_search,accessories,1,27.67,27.67,false
ORD-101061,2026-07-10,EMEA,email,footwear,2,89.49,178.98,false
ORD-101062,2026-07-11,EMEA,paid_search,outerwear,1,185.69,185.69,false
ORD-101063,2026-07-11,NA,email,bags,1,71.76,71.76,false
ORD-101064,2026-07-11,NA,organic,bags,1,83.21,83.21,false
ORD-101065,2026-07-11,NA,organic,bags,1,57.57,57.57,false
ORD-101066,2026-07-11,NA,paid_search,footwear,4,68.63,274.52,false
ORD-101067,2026-07-11,NA,organic,footwear,1,91.02,91.02,false
ORD-101068,2026-07-11,EMEA,paid_search,footwear,1,95.29,95.29,false
ORD-101069,2026-07-11,APAC,paid_search,outerwear,2,130.92,261.84,false
ORD-101070,2026-07-11,EMEA,paid_search,accessories,1,26.36,26.36,false
ORD-101071,2026-07-12,APAC,organic,footwear,1,96.33,96.33,false
ORD-101072,2026-07-12,NA,email,outerwear,1,157.78,157.78,false
ORD-101073,2026-07-12,EMEA,organic,outerwear,1,199.79,199.79,false
ORD-101074,2026-07-12,NA,affiliate,accessories,1,34.34,34.34,false
ORD-101075,2026-07-13,EMEA,paid_search,outerwear,1,142.24,142.24,false
ORD-101076,2026-07-13,NA,email,footwear,1,90.43,90.43,false
ORD-101077,2026-07-13,EMEA,paid_search,outerwear,2,139.68,279.36,false
ORD-101078,2026-07-13,APAC,email,bags,2,56.03,112.06,false
ORD-101079,2026-07-13,APAC,organic,footwear,2,88.41,176.82,false
ORD-101080,2026-07-13,NA,paid_search,outerwear,3,172.78,518.34,false
ORD-101081,2026-07-13,NA,paid_search,bags,1,54.4,54.4,false
ORD-101082,2026-07-13,EMEA,paid_search,accessories,1,21.91,21.91,false
ORD-101083,2026-07-13,NA,paid_search,bags,1,79.38,79.38,false
ORD-101084,2026-07-13,EMEA,paid_search,accessories,1,28.9,28.9,false
ORD-101085,2026-07-13,EMEA,paid_search,bags,2,87.32,174.64,false
ORD-101086,2026-07-13,NA,organic,bags,1,78.4,78.4,false
ORD-101087,2026-07-13,NA,organic,outerwear,1,188.02,188.02,false
ORD-101088,2026-07-14,NA,paid_search,outerwear,4,151.42,605.68,false
ORD-101089,2026-07-14,EMEA,paid_search,bags,2,88.45,176.9,false
ORD-101090,2026-07-14,APAC,organic,footwear,1,77.85,77.85,false
ORD-101091,2026-07-14,EMEA,paid_search,outerwear,1,131.63,131.63,false
ORD-101092,2026-07-14,NA,organic,outerwear,2,160.33,320.66,false
ORD-101093,2026-07-14,NA,organic,footwear,1,86.73,86.73,false
ORD-101094,2026-07-14,APAC,paid_search,footwear,1,81.85,81.85,false
ORD-101095,2026-07-14,NA,organic,outerwear,3,160.08,480.24,false
ORD-101096,2026-07-14,NA,paid_search,outerwear,1,177.83,177.83,false
ORD-101097,2026-07-14,NA,email,bags,1,57.97,57.97,false
ORD-101098,2026-07-14,NA,organic,bags,2,90.31,180.62,false
ORD-101099,2026-07-14,EMEA,affiliate,accessories,1,34.78,34.78,false
ORD-101100,2026-07-14,APAC,paid_search,outerwear,1,198.1,198.1,false
ORD-101101,2026-07-14,APAC,organic,outerwear,1,172.37,172.37,false
ORD-101102,2026-07-14,EMEA,organic,bags,1,89.52,89.52,false
ORD-101103,2026-07-14,EMEA,organic,bags,1,59.44,59.44,false
ORD-101104,2026-07-14,EMEA,organic,footwear,2,112.91,225.82,false
ORD-101105,2026-07-15,APAC,organic,accessories,3,20.75,62.25,false
ORD-101106,2026-07-15,EMEA,affiliate,bags,4,80.72,322.88,false
ORD-101107,2026-07-15,APAC,email,accessories,4,32.28,129.12,false
ORD-101108,2026-07-15,APAC,paid_search,accessories,2,31.94,63.88,false
ORD-101109,2026-07-15,LATAM,organic,accessories,1,24.0,24.0,false
ORD-101110,2026-07-15,LATAM,organic,bags,1,56.83,56.83,false
ORD-101111,2026-07-15,EMEA,paid_search,outerwear,3,202.61,607.83,false
ORD-101112,2026-07-15,NA,organic,footwear,1,65.77,65.77,false
ORD-101113,2026-07-15,APAC,organic,bags,3,68.7,206.1,true
ORD-101114,2026-07-15,EMEA,organic,accessories,2,19.87,39.74,false
ORD-101115,2026-07-15,NA,paid_search,footwear,1,72.79,72.79,false
ORD-101116,2026-07-15,NA,organic,accessories,1,21.68,21.68,false
ORD-101117,2026-07-16,APAC,organic,outerwear,1,163.6,163.6,false
ORD-101118,2026-07-16,EMEA,email,accessories,1,27.09,27.09,false
ORD-101119,2026-07-16,EMEA,email,footwear,1,97.71,97.71,false
ORD-101120,2026-07-16,APAC,email,footwear,1,69.65,69.65,false
ORD-101121,2026-07-16,NA,organic,accessories,1,21.87,21.87,false
ORD-101122,2026-07-16,NA,organic,accessories,2,34.91,69.82,false
ORD-101123,2026-07-16,APAC,organic,accessories,1,28.03,28.03,false
ORD-101124,2026-07-16,NA,paid_search,bags,2,63.97,127.94,false
ORD-101125,2026-07-16,EMEA,organic,outerwear,3,187.35,562.05,false
ORD-101126,2026-07-16,NA,paid_search,bags,1,83.11,83.11,false
ORD-101127,2026-07-16,EMEA,paid_search,bags,3,71.66,214.98,false
ORD-101128,2026-07-16,LATAM,organic,bags,2,82.97,165.94,false
ORD-101129,2026-07-16,NA,email,footwear,2,105.69,211.38,false
ORD-101130,2026-07-16,APAC,organic,outerwear,1,161.24,161.24,false
ORD-101131,2026-07-16,EMEA,organic,bags,2,49.16,98.32,false
ORD-101132,2026-07-16,EMEA,paid_search,bags,3,50.43,151.29,false
ORD-101133,2026-07-17,NA,paid_search,accessories,4,19.56,78.24,false
ORD-101134,2026-07-17,NA,paid_search,outerwear,1,156.53,156.53,false
ORD-101135,2026-07-17,EMEA,paid_search,footwear,2,66.58,133.16,false
ORD-101136,2026-07-17,NA,paid_search,accessories,1,30.4,30.4,false
ORD-101137,2026-07-17,NA,email,bags,1,71.32,71.32,false
ORD-101138,2026-07-17,NA,organic,outerwear,2,118.07,236.14,false
ORD-101139,2026-07-17,EMEA,organic,bags,3,77.05,231.15,false
ORD-101140,2026-07-17,NA,organic,accessories,1,24.02,24.02,false
ORD-101141,2026-07-17,NA,email,bags,1,61.6,61.6,false
ORD-101142,2026-07-17,EMEA,affiliate,bags,1,85.09,85.09,false
ORD-101143,2026-07-17,APAC,email,accessories,1,33.84,33.84,false
ORD-101144,2026-07-17,NA,paid_search,bags,3,58.7,176.1,false
ORD-101145,2026-07-18,APAC,affiliate,footwear,1,114.57,114.57,false
ORD-101146,2026-07-18,EMEA,email,accessories,1,31.45,31.45,false
ORD-101147,2026-07-18,NA,email,footwear,1,109.64,109.64,false
ORD-101148,2026-07-18,LATAM,paid_search,outerwear,3,120.8,362.4,false
ORD-101149,2026-07-18,EMEA,paid_search,accessories,1,19.87,19.87,false
ORD-101150,2026-07-18,NA,paid_search,accessories,1,28.74,28.74,false
ORD-101151,2026-07-18,EMEA,organic,footwear,1,65.43,65.43,false
ORD-101152,2026-07-18,EMEA,affiliate,footwear,1,103.17,103.17,false
ORD-101153,2026-07-18,LATAM,email,footwear,1,78.14,78.14,false
ORD-101154,2026-07-19,NA,organic,bags,2,89.85,179.7,false
ORD-101155,2026-07-19,APAC,organic,accessories,4,31.66,126.64,false
ORD-101156,2026-07-19,APAC,organic,outerwear,1,204.4,204.4,false
ORD-101157,2026-07-19,EMEA,organic,bags,1,66.17,66.17,false
ORD-101158,2026-07-19,NA,paid_search,footwear,2,94.14,188.28,false
ORD-101159,2026-07-19,APAC,organic,outerwear,2,204.88,409.76,true
ORD-101160,2026-07-19,LATAM,organic,footwear,1,77.17,77.17,false
ORD-101161,2026-07-19,EMEA,paid_search,footwear,2,76.75,153.5,false
ORD-101162,2026-07-19,EMEA,organic,footwear,1,81.51,81.51,false
ORD-101163,2026-07-19,EMEA,paid_search,outerwear,1,186.92,186.92,false
ORD-101164,2026-07-19,EMEA,email,bags,1,69.79,69.79,false
ORD-101165,2026-07-20,NA,paid_search,footwear,1,105.92,105.92,false
ORD-101166,2026-07-20,EMEA,paid_search,bags,1,88.16,88.16,false
ORD-101167,2026-07-20,APAC,organic,outerwear,1,132.15,132.15,false
ORD-101168,2026-07-20,APAC,organic,bags,1,69.81,69.81,false
ORD-101169,2026-07-20,EMEA,paid_search,outerwear,1,204.84,204.84,false
ORD-101170,2026-07-20,EMEA,organic,bags,2,88.16,176.32,false
ORD-101171,2026-07-20,LATAM,organic,footwear,1,74.45,74.45,false
ORD-101172,2026-07-20,NA,paid_search,accessories,1,35.51,35.51,false
ORD-101173,2026-07-20,LATAM,email,accessories,1,34.55,34.55,false
ORD-101174,2026-07-20,APAC,organic,footwear,1,80.58,80.58,false
ORD-101175,2026-07-20,NA,email,bags,4,84.19,336.76,false
ORD-101176,2026-07-20,EMEA,organic,footwear,3,104.68,314.04,false
ORD-101177,2026-07-21,NA,organic,accessories,1,32.27,32.27,false
ORD-101178,2026-07-21,NA,email,accessories,1,32.34,32.34,false
ORD-101179,2026-07-21,APAC,organic,bags,2,82.22,164.44,false
ORD-101180,2026-07-21,NA,paid_search,footwear,1,85.57,85.57,false
ORD-101181,2026-07-21,NA,paid_search,outerwear,1,132.04,132.04,false
ORD-101182,2026-07-21,EMEA,paid_search,bags,2,89.72,179.44,false
ORD-101183,2026-07-21,EMEA,organic,footwear,1,105.5,105.5,false
ORD-101184,2026-07-21,APAC,organic,footwear,1,100.79,100.79,false
ORD-101185,2026-07-21,NA,email,accessories,1,32.28,32.28,false
ORD-101186,2026-07-21,NA,organic,outerwear,1,191.87,191.87,false
ORD-101187,2026-07-21,EMEA,organic,bags,1,53.05,53.05,false
ORD-101188,2026-07-21,NA,email,footwear,2,98.06,196.12,false
ORD-101189,2026-07-21,NA,paid_search,outerwear,2,151.06,302.12,false
ORD-101190,2026-07-21,EMEA,paid_search,accessories,2,35.05,70.1,false
ORD-101191,2026-07-21,EMEA,affiliate,footwear,2,76.11,152.22,false
ORD-101192,2026-07-21,APAC,organic,accessories,2,31.72,63.44,false
ORD-101193,2026-07-21,EMEA,organic,outerwear,2,172.01,344.02,false
ORD-101194,2026-07-22,APAC,paid_search,accessories,1,33.15,33.15,false
ORD-101195,2026-07-22,EMEA,paid_search,accessories,1,23.85,23.85,false
ORD-101196,2026-07-22,EMEA,affiliate,accessories,2,27.69,55.38,true
ORD-101197,2026-07-22,EMEA,affiliate,bags,2,84.06,168.12,false
ORD-101198,2026-07-22,NA,paid_search,bags,1,53.91,53.91,false
ORD-101199,2026-07-22,NA,email,bags,1,76.7,76.7,false
ORD-101200,2026-07-22,NA,organic,accessories,1,32.32,32.32,false
ORD-101201,2026-07-22,EMEA,paid_search,bags,1,57.28,57.28,false
ORD-101202,2026-07-22,EMEA,organic,accessories,1,21.12,21.12,false
ORD-101203,2026-07-22,APAC,paid_search,accessories,1,30.52,30.52,false
ORD-101204,2026-07-22,EMEA,organic,outerwear,1,201.85,201.85,false
ORD-101205,2026-07-22,EMEA,organic,bags,1,86.33,86.33,false
ORD-101206,2026-07-22,NA,organic,footwear,1,69.26,69.26,false
ORD-101207,2026-07-22,NA,affiliate,accessories,1,29.3,29.3,false
ORD-101208,2026-07-22,NA,organic,bags,1,72.59,72.59,false
ORD-101209,2026-07-22,NA,paid_search,footwear,4,106.02,424.08,false
ORD-101210,2026-07-22,EMEA,email,outerwear,1,155.69,155.69,false
ORD-101211,2026-07-22,LATAM,email,bags,2,79.52,159.04,false
ORD-101212,2026-07-23,NA,paid_search,bags,2,50.78,101.56,false
ORD-101213,2026-07-23,NA,organic,outerwear,1,140.31,140.31,false
ORD-101214,2026-07-23,EMEA,organic,outerwear,1,203.53,203.53,false
ORD-101215,2026-07-23,NA,organic,outerwear,1,170.65,170.65,false
ORD-101216,2026-07-23,APAC,organic,accessories,1,26.34,26.34,false
ORD-101217,2026-07-23,EMEA,paid_search,outerwear,3,132.35,397.05,false
ORD-101218,2026-07-23,EMEA,organic,footwear,2,96.89,193.78,false
ORD-101219,2026-07-23,APAC,organic,outerwear,1,166.46,166.46,false
ORD-101220,2026-07-23,EMEA,email,bags,1,87.67,87.67,false
ORD-101221,2026-07-23,NA,affiliate,outerwear,1,127.89,127.89,false
ORD-101222,2026-07-23,APAC,email,bags,2,52.13,104.26,false
ORD-101223,2026-07-23,APAC,paid_search,footwear,1,113.18,113.18,false
ORD-101224,2026-07-23,EMEA,email,bags,1,84.88,84.88,false
ORD-101225,2026-07-23,NA,paid_search,outerwear,1,193.29,193.29,false
ORD-101226,2026-07-24,NA,paid_search,bags,1,87.82,87.82,false
ORD-101227,2026-07-24,APAC,organic,footwear,4,96.89,387.56,false
ORD-101228,2026-07-24,LATAM,organic,outerwear,2,169.71,339.42,false
ORD-101229,2026-07-24,EMEA,email,footwear,1,103.7,103.7,false
ORD-101230,2026-07-24,NA,paid_search,footwear,3,118.43,355.29,false
ORD-101231,2026-07-24,EMEA,affiliate,accessories,2,34.06,68.12,false
ORD-101232,2026-07-24,NA,paid_search,outerwear,3,153.92,461.76,false
ORD-101233,2026-07-24,EMEA,paid_search,outerwear,1,137.56,137.56,false
ORD-101234,2026-07-24,EMEA,email,footwear,1,68.66,68.66,false
ORD-101235,2026-07-24,EMEA,organic,footwear,1,66.71,66.71,false
ORD-101236,2026-07-24,EMEA,paid_search,accessories,1,31.12,31.12,false
ORD-101237,2026-07-25,EMEA,organic,bags,2,52.91,105.82,false
ORD-101238,2026-07-25,LATAM,affiliate,accessories,1,23.85,23.85,false
ORD-101239,2026-07-25,NA,affiliate,accessories,1,32.7,32.7,false
ORD-101240,2026-07-25,NA,paid_search,bags,1,58.06,58.06,false
ORD-101241,2026-07-25,NA,organic,footwear,4,68.35,273.4,false
ORD-101242,2026-07-25,LATAM,email,footwear,1,82.64,82.64,false
ORD-101243,2026-07-25,NA,organic,outerwear,1,169.48,169.48,false
ORD-101244,2026-07-25,EMEA,email,outerwear,1,115.62,115.62,false
ORD-101245,2026-07-25,NA,organic,bags,1,64.01,64.01,false
ORD-101246,2026-07-25,NA,affiliate,bags,2,64.5,129.0,false
ORD-101247,2026-07-25,NA,email,bags,1,73.5,73.5,false
ORD-101248,2026-07-26,NA,paid_search,accessories,1,29.47,29.47,false
ORD-101249,2026-07-26,APAC,organic,accessories,1,21.63,21.63,true
ORD-101250,2026-07-26,EMEA,paid_search,bags,1,62.85,62.85,false
ORD-101251,2026-07-26,EMEA,email,accessories,1,20.63,20.63,false
ORD-101252,2026-07-27,NA,organic,accessories,1,23.85,23.85,false
ORD-101253,2026-07-27,EMEA,organic,footwear,2,96.38,192.76,false
ORD-101254,2026-07-27,NA,paid_search,footwear,1,99.75,99.75,false
ORD-101255,2026-07-27,NA,affiliate,bags,1,70.78,70.78,false
ORD-101256,2026-07-27,EMEA,organic,bags,1,62.52,62.52,false
ORD-101257,2026-07-27,NA,organic,bags,1,59.49,59.49,false
ORD-101258,2026-07-27,EMEA,paid_search,bags,1,76.47,76.47,false
ORD-101259,2026-07-27,APAC,paid_search,footwear,1,66.52,66.52,false
ORD-101260,2026-07-27,LATAM,affiliate,outerwear,1,191.07,191.07,false
ORD-101261,2026-07-27,NA,organic,footwear,1,117.07,117.07,false
ORD-101262,2026-07-27,LATAM,paid_search,accessories,1,20.5,20.5,false
ORD-101263,2026-07-27,LATAM,email,footwear,1,82.17,82.17,false
ORD-101264,2026-07-27,EMEA,organic,footwear,3,110.97,332.91,false
ORD-101265,2026-07-27,NA,organic,bags,3,69.7,209.1,false
ORD-101266,2026-07-28,NA,paid_search,outerwear,1,142.05,142.05,false
ORD-101267,2026-07-28,EMEA,organic,accessories,3,24.58,73.74,false
ORD-101268,2026-07-28,LATAM,organic,accessories,2,20.56,41.12,false
ORD-101269,2026-07-28,LATAM,organic,accessories,1,21.03,21.03,false
ORD-101270,2026-07-28,EMEA,paid_search,bags,1,76.98,76.98,false
ORD-101271,2026-07-28,APAC,email,outerwear,2,138.83,277.66,false
ORD-101272,2026-07-28,EMEA,organic,bags,1,65.15,65.15,false
ORD-101273,2026-07-28,NA,paid_search,footwear,1,92.16,92.16,false
ORD-101274,2026-07-28,NA,email,outerwear,1,187.72,187.72,false
ORD-101275,2026-07-28,APAC,organic,accessories,1,33.04,33.04,false
ORD-101276,2026-07-28,APAC,paid_search,footwear,1,84.03,84.03,false
ORD-101277,2026-07-28,EMEA,organic,bags,1,70.48,70.48,false
ORD-101278,2026-07-28,EMEA,paid_search,outerwear,1,158.37,158.37,false
ORD-101279,2026-07-28,EMEA,paid_search,accessories,1,29.89,29.89,false
ORD-101280,2026-07-28,NA,affiliate,outerwear,1,145.18,145.18,false
ORD-101281,2026-07-28,EMEA,email,outerwear,1,137.25,137.25,false
ORD-101282,2026-07-28,NA,paid_search,outerwear,1,201.69,201.69,false
ORD-101283,2026-07-28,EMEA,organic,accessories,1,33.97,33.97,false
ORD-101284,2026-07-29,NA,affiliate,footwear,1,74.48,74.48,false
ORD-101285,2026-07-29,NA,email,footwear,1,99.13,99.13,false
ORD-101286,2026-07-29,LATAM,organic,outerwear,1,193.57,193.57,false
ORD-101287,2026-07-29,APAC,paid_search,accessories,2,28.61,57.22,false
ORD-101288,2026-07-29,APAC,organic,outerwear,3,117.47,352.41,false
ORD-101289,2026-07-29,EMEA,organic,bags,4,51.45,205.8,false
ORD-101290,2026-07-29,NA,paid_search,outerwear,1,147.95,147.95,false
ORD-101291,2026-07-29,NA,paid_search,bags,1,83.49,83.49,false
ORD-101292,2026-07-29,NA,organic,outerwear,1,161.44,161.44,false
ORD-101293,2026-07-29,EMEA,paid_search,bags,3,54.76,164.28,false
ORD-101294,2026-07-29,NA,email,outerwear,2,158.86,317.72,false
ORD-101295,2026-07-29,LATAM,organic,accessories,1,28.16,28.16,false
ORD-101296,2026-07-29,NA,organic,outerwear,2,199.0,398.0,false
ORD-101297,2026-07-29,EMEA,paid_search,accessories,1,35.14,35.14,false
ORD-101298,2026-07-29,NA,organic,footwear,1,101.03,101.03,false
ORD-101299,2026-07-29,LATAM,paid_search,bags,1,63.89,63.89,false
ORD-101300,2026-07-29,EMEA,paid_search,accessories,1,21.9,21.9,false
ORD-101301,2026-07-29,APAC,paid_search,accessories,1,33.53,33.53,false
